run,case,profile,rate,mode,repetition,source,Outcome,Planned,Offered,NotOffered,Admitted,QueueRejected,DictionaryRejected,LogicalCapRejected,Committed,ControlConsumed,Unknown,SqlRows,RetainedLogicalRecordBytes,DictionaryLogicalBytes,QueuePeakRecords,QueueAtSourceEnd,ObservedOfferedPerSecond,ObservedCommittedPerSecond,ObservedCommittedSqlRowsPerSecond,DatabaseBytes,DatabaseBytesBeforeIndexes,IndexPageBytes,PeakSampledPackageBytes,PeakSampledWalBytes,WorkerAllocatedBytes,SourceElapsedSeconds,WriterThroughDrainSeconds,DrainSeconds,IndexSeconds,CheckpointSeconds,FinalizationSeconds,WorkerElapsedSeconds,WorkerCpuSeconds,CommitTransactions,MeanCommittedPerTransaction,MaxOfferLatenessMicroseconds,MaxOfferedToCommitMicroseconds,OfferedPerSecond,CommittedPerSecond,PeakSampledDiagnosticRssBytes,PeakSampledWriterWorkerRssBytes,PeakSampledVerifierRssBytes,TransientPathMissObservations,ReopenSeconds,TimeToFirstQuerySeconds,TraversalSeconds,QueryMaximumMicroseconds,DatabaseSha256,WorkerReportSha256,SupervisorReportSha256,VerificationReportSha256
01,r1-1000-Numeric-producer-only,Numeric,1000,producer-only,1,edcea21f0363c19a8d568deecce31a53dda18780,control-complete,10000,10000,0,10000,0,0,0,0,10000,0,0,720000,0,16,1,1000.0998436677628,0,0,0,0,0,0,0,1938040,9.999001663,10.000102066,0.001100403,0.0,0.0,0.001494749,10.018439672,10.311226,0,,4823.373,0,1000|1000|1000|1000|1000|1000|1000|1000|1000|1000|0,0|0|0|0|0|0|0|0|0|0|0|0|0|0|0|0|0|0|0|0|0|0|0|0|0|0|0|0|0|0|0|0|0|0|0|0|0|0|0|0|0|0|0|0|0|0|0|0|0|0|0|0|0|0|0|0|0|0|0|0|0,135274496,61300736,0,0,,,,,,5c5a2bd1cf8cff516f8323c5d4d5e443e7cedd28f736b08d1602faa780c30200,6d577a857d9c5827e5ee7b53bc67701d6138d62bcb208d47763db32758e04378,
01,r1-1000-Numeric-sqlite,Numeric,1000,sqlite,1,edcea21f0363c19a8d568deecce31a53dda18780,complete-not-production-approval,10000,10000,0,10000,0,0,0,10000,0,0,10000,720000,0,21,1,1000.0993342663164,999.8196360370276,999.8196360370276,1277952,339968,937984,2205920,1087712,15125576,9.999006756,10.001803965,0.002797209,0.038613991,0.003041384,0.045596966,10.166183392,10.688372,100,100.0,4351.663,115478.382,1000|1000|1000|1000|1000|1000|1000|1000|1000|1000|0,911|1008|1010|1009|1009|1010|1008|1008|1008|1007|12|0|0|0|0|0|0|0|0|0|0|0|0|0|0|0|0|0|0|0|0|0|0|0|0|0|0|0|0|0|0|0|0|0|0|0|0|0|0|0|0|0|0|0|0|0|0|0|0|0|0,158273536,83042304,60469248,0,0.023050938,0.036627988,0.03005969,11216.102,e1f145dab22ea63201f95f478096082091ab8437d080408b6f92b07978ad1994,d00a79e5b370f26341a946216b5e6e7f9baf11ec938254f00cb16a785b75b547,fa6a692454360c4238d3ac3503d0ced7776650a7c698fe24cf93f76f5b8b6f9c,3f547ae6cb5e30ec8d7c180fe2b9462799cc3e2f227c694371cbc49eb46d3e03
01,r1-1000-RepeatedStacks-producer-only,RepeatedStacks,1000,producer-only,1,edcea21f0363c19a8d568deecce31a53dda18780,control-complete,10000,10000,0,10000,0,0,0,0,10000,0,0,720000,26002,19,1,1000.0989223846702,0,0,0,0,0,0,0,2082264,9.999010874,9.999859111,0.000848237,0.0,0.0,0.000881035,10.017371011,10.3194,0,,5891.364,0,1000|1000|1000|1000|1000|1000|1000|1000|1000|1000|0,0|0|0|0|0|0|0|0|0|0|0|0|0|0|0|0|0|0|0|0|0|0|0|0|0|0|0|0|0|0|0|0|0|0|0|0|0|0|0|0|0|0|0|0|0|0|0|0|0|0|0|0|0|0|0|0|0|0|0|0|0,135438336,61399040,0,0,,,,,,38aa2e99a7e3eafa7d825a12c150d11c236bff9dd98923bf690ff1980214c8b4,ce33d130994066b7618ec52f9aeaec626040304014e07b045e8590e587284652,
01,r1-1000-RepeatedStacks-sqlite,RepeatedStacks,1000,sqlite,1,edcea21f0363c19a8d568deecce31a53dda18780,complete-not-production-approval,10000,10000,0,10000,0,0,0,10000,0,0,11024,720000,26002,28,1,1000.0999062802678,999.8634690432475,1102.249488273276,1310720,372736,937984,2292248,1141272,15853136,9.999001037,10.001365496,0.002364459,0.037360154,0.003316844,0.045399115,10.147010575,10.692764,100,100.0,4208.813,121907.291,1000|1000|1000|1000|1000|1000|1000|1000|1000|1000|0,912|1007|1008|1009|1010|1009|1009|1008|1009|1008|11|0|0|0|0|0|0|0|0|0|0|0|0|0|0|0|0|0|0|0|0|0|0|0|0|0|0|0|0|0|0|0|0|0|0|0|0|0|0|0|0|0|0|0|0|0|0|0|0|0|0,158515200,83324928,61128704,0,0.023310791,0.036712272,0.031329936,10980.415,c9f2282d6828c23ca2340aa18db2ff0c9a72b900d613d1a6749ab35fb36ad573,e0ce63b828fe3cccc731296a62814673457a90279f5f8ab48d75c2a68590be0f,f5dd6c23ff7d1f9024bfba5cd2a0ea6831cc939f98c0a4366e6911dacb9dfb9f,4af91673538ca33c5b112832d4d1f7ced9fb1fbfab712caa8ff26c9cc7d13cc5
01,r1-1000-NovelStacks-producer-only,NovelStacks,1000,producer-only,1,edcea21f0363c19a8d568deecce31a53dda18780,control-complete,10000,10000,0,10000,0,0,0,0,10000,0,0,720000,2108890,19,1,1000.0998789748134,0,0,0,0,0,0,0,12521736,9.99900131,9.999874836,0.000873526,0.0,0.0,0.028680873,10.045192785,10.377853,0,,4488.157,0,1000|1000|1000|1000|1000|1000|1000|1000|1000|1000|0,0|0|0|0|0|0|0|0|0|0|0|0|0|0|0|0|0|0|0|0|0|0|0|0|0|0|0|0|0|0|0|0|0|0|0|0|0|0|0|0|0|0|0|0|0|0|0|0|0|0|0|0|0|0|0|0|0|0|0|0|0,146739200,72613888,0,0,,,,,,5920c92383d98ea994c3171039fef8eb02b2a1815005d6b7dbf0e3a206dd934a,f2ffc046b96d29a7ac22ef42086f9ebbbfdf8564fbda5e2d0e856333527baa9f,
01,r1-1000-NovelStacks-sqlite,NovelStacks,1000,sqlite,1,edcea21f0363c19a8d568deecce31a53dda18780,complete-not-production-approval,10000,10000,0,10000,0,0,0,10000,0,0,90000,720000,2108890,27,1,1000.0996722335641,999.5712110388441,8996.140899349597,3592192,2646016,946176,4356536,1124792,68559200,9.999003377,10.004289729,0.005286352,0.039766231,0.004895941,0.070189839,10.173386885,10.865038,100,100.0,4312.013,121944.821,1000|1000|1000|1000|1000|1000|1000|1000|1000|1000|0,911|1010|1008|1009|1009|1008|1010|1008|1007|1009|11|0|0|0|0|0|0|0|0|0|0|0|0|0|0|0|0|0|0|0|0|0|0|0|0|0|0|0|0|0|0|0|0|0|0|0|0|0|0|0|0|0|0|0|0|0|0|0|0|0|0,161390592,86130688,71335936,0,0.02525565,0.044055565,0.12778798,15102.528,35ff640d03eff10c727e7015af42f355a304bbf410de8b635f9caafb90ccfa02,32f9e59dca38693652c8ad00dcf38ba9073ec6eca3a64c4d893d0d6edde217ce,3327a5a2ba908233139992d6ce66e3e1593e233e3c9a47fe2b035ec97ce88f05,ae8ba18af2fdf22fa08061143cd3ff689aec660b8bf862f7465982bf92c5b780
01,r1-1000-Activity-producer-only,Activity,1000,producer-only,1,edcea21f0363c19a8d568deecce31a53dda18780,control-complete,10000,10000,0,10000,0,0,0,0,10000,0,0,1360000,0,19,1,1000.099824263889,0,0,0,0,0,0,0,1941760,9.999001857,9.999755243,0.000753386,0.0,0.0,0.001453637,10.017746617,10.29805,0,,5199.724,0,1000|1000|1000|1000|1000|1000|1000|1000|1000|1000|0,0|0|0|0|0|0|0|0|0|0|0|0|0|0|0|0|0|0|0|0|0|0|0|0|0|0|0|0|0|0|0|0|0|0|0|0|0|0|0|0|0|0|0|0|0|0|0|0|0|0|0|0|0|0|0|0|0|0|0|0|0,134938624,61054976,0,0,,,,,,bae453caef62fbfb051aff1f91606f433e3b970f6786b3e39969b7ee07a949e1,8a44c49d570a63980bbf5b0acd44bca339684b3d52834872f1e1c648a831c111,
01,r1-1000-Activity-sqlite,Activity,1000,sqlite,1,edcea21f0363c19a8d568deecce31a53dda18780,complete-not-production-approval,10000,10000,0,10000,0,0,0,10000,0,0,50000,1360000,0,22,1,1000.0996401271658,999.7843829007599,4998.9219145038,2412544,1466368,946176,3033792,1170112,37610960,9.999003698,10.002156636,0.003152938,0.036117415,0.008861296,0.049267391,10.162836589,10.798634,100,100.0,3847.008,116142.153,1000|1000|1000|1000|1000|1000|1000|1000|1000|1000|0,911|1009|1008|1008|1009|1008|1010|1009|1006|1008|14|0|0|0|0|0|0|0|0|0|0|0|0|0|0|0|0|0|0|0|0|0|0|0|0|0|0|0|0|0|0|0|0|0|0|0|0|0|0|0|0|0|0|0|0|0|0|0|0|0|0,161349632,85872640,61112320,0,0.023542474,0.038862856,0.063545549,12578.722,1b2da6e6c6bbc69a220633ce2aa29890fac37e50fbfd9c15320059e2a9b1193e,86518997e617fe2d4bac36acfa194b1ee4e572117605ecb4e4b2875bea414048,be55e9b35413e1f6ceae90ab44a4cb0b6c3a3fb9dd512193e94ad5704adb8138,11d2a152e2cb863780c10a6a7288bafbb841930fc73c8c68e43b1df462f52eaa
01,r1-10000-Numeric-producer-only,Numeric,10000,producer-only,1,edcea21f0363c19a8d568deecce31a53dda18780,control-complete,100000,100000,0,100000,0,0,0,0,100000,0,0,7200000,0,245,9,10000.080629650109,0,0,0,0,0,0,0,7360760,9.999919371,10.0010858,0.001166429,0.0,0.0,0.001377599,10.019855605,10.375548,0,,5596.553,0,10000|10000|10000|10000|10000|10000|10000|10000|10000|10000|0,0|0|0|0|0|0|0|0|0|0|0|0|0|0|0|0|0|0|0|0|0|0|0|0|0|0|0|0|0|0|0|0|0|0|0|0|0|0|0|0|0|0|0|0|0|0|0|0|0|0|0|0|0|0|0|0|0|0|0|0|0,138457088,64450560,0,0,,,,,,4a9b211e459e7148286a3ddd421d7e6810fb3962f27ab0abc91ee1ade9d7620d,ed6d7e9013c170e20d2a188f75be06e7295191748dff01637eef668712022258,
01,r1-10000-Numeric-sqlite,Numeric,10000,sqlite,1,edcea21f0363c19a8d568deecce31a53dda18780,complete-not-production-approval,100000,100000,0,100000,0,0,0,100000,0,0,100000,7200000,0,223,2,10000.097111943063,9996.748367655202,9996.748367655202,13037568,3219456,9818112,15513528,2443192,140605072,9.999902889,10.00325269,0.003349801,0.295033199,0.000753731,0.300723663,10.416618937,11.235153,391,255.7544757033248,4962.777,41301.965,10000|10000|10000|10000|10000|10000|10000|10000|10000|10000|0,9728|10240|9728|10240|9984|9984|9984|9984|9984|9984|160|0|0|0|0|0|0|0|0|0|0|0|0|0|0|0|0|0|0|0|0|0|0|0|0|0|0|0|0|0|0|0|0|0|0|0|0|0|0|0|0|0|0|0|0|0|0|0|0|0|0,158547968,83226624,62353408,0,0.022594613,0.038474029,0.190114353,13545.052,7cfd94fcec96aca4f985b38acdf11db151d09b521540b1623141972f3cc993d5,f01f748e0b90c106aeb316522393142fd3ac736d6c9e7a32d6478f7df20772b8,ab89fce00199c3cc40cce6ccb003b360694d87b77454c30662161a951ebf8db0,7ac454021bb0c66ef05fcffe526aea6a1ff109e1a1a987763612346a69578a0a
01,r1-10000-RepeatedStacks-producer-only,RepeatedStacks,10000,producer-only,1,edcea21f0363c19a8d568deecce31a53dda18780,control-complete,100000,100000,0,100000,0,0,0,0,100000,0,0,7200000,26002,172,6,10000.097387948432,0,0,0,0,0,0,0,7561632,9.999902613,10.001262871,0.001360258,0.0,0.0,0.001046361,10.018482439,10.356987,0,,5267.633,0,10000|10000|10000|10000|10000|10000|10000|10000|10000|10000|0,0|0|0|0|0|0|0|0|0|0|0|0|0|0|0|0|0|0|0|0|0|0|0|0|0|0|0|0|0|0|0|0|0|0|0|0|0|0|0|0|0|0|0|0|0|0|0|0|0|0|0|0|0|0|0|0|0|0|0|0|0,138346496,64548864,0,0,,,,,,ab9ddcacfc73a9553a480503f105656aa2ecc25b96881bf676969b6e08db48a5,1f92ec43cb5fe7eb431b93467ea585233691357e9042d1a61ba8698328621757,
01,r1-10000-RepeatedStacks-sqlite,RepeatedStacks,10000,sqlite,1,edcea21f0363c19a8d568deecce31a53dda18780,complete-not-production-approval,100000,100000,0,100000,0,0,0,100000,0,0,101024,7200000,26002,303,8,10000.098191964156,9997.402361947672,10099.775762134017,13062144,3248128,9814016,15599904,2504992,141581992,9.999901809,10.002598313,0.002696504,0.318657379,0.00076973,0.325246204,10.442334997,11.25865,391,255.7544757033248,5074.564,45291.274,10000|10000|10000|10000|10000|10000|10000|10000|10000|10000|0,9728|9984|10240|9984|9984|9984|9984|9984|9984|9984|160|0|0|0|0|0|0|0|0|0|0|0|0|0|0|0|0|0|0|0|0|0|0|0|0|0|0|0|0|0|0|0|0|0|0|0|0|0|0|0|0|0|0|0|0|0|0|0|0|0|0,158478336,83386368,62390272,0,0.024038147,0.040404334,0.184100333,13843.26,1bc581a442c4c208910d94ced57110040d40c8eea540f204e70aecaa64bdd135,1f1d7f16cb42daafd0bb7f64db2a0a0ac4ef4078439f025a9c7a979d8802c39a,5606f72b6129635a1330666e2cbe9064900f6fc87f27b6671b83bdd1c140abd2,e7f1fda627709a5f977269c90b4c7d8a6e72fc8d2828e261491c34a143967217
01,r1-10000-NovelStacks-producer-only,NovelStacks,10000,producer-only,1,edcea21f0363c19a8d568deecce31a53dda18780,dictionary-cap,100000,100000,0,100000,0,83616,0,0,16384,0,0,1179648,3462298,170,2,10000.098390968069,0,0,0,0,0,0,0,61607792,9.99990161,10.000881225,0.000979615,0.0,0.0,0.028758257,10.046673463,10.43621,0,,5733.377,0,10000|10000|10000|10000|10000|10000|10000|10000|10000|10000|0,0|0|0|0|0|0|0|0|0|0|0|0|0|0|0|0|0|0|0|0|0|0|0|0|0|0|0|0|0|0|0|0|0|0|0|0|0|0|0|0|0|0|0|0|0|0|0|0|0|0|0|0|0|0|0|0|0|0|0|0|0,152256512,78540800,0,0,,,,,,31fa57b7afa88b5df3ab2970ff6e9e5d143228d340f786199d17f46d2955a202,a74439dd7df8e9284cbe5dc6d6ae2bde78c4f47a90e1160ac7012a91d7836e4d,
01,r1-10000-NovelStacks-sqlite,NovelStacks,10000,sqlite,1,edcea21f0363c19a8d568deecce31a53dda18780,dictionary-cap,100000,100000,0,100000,0,83616,0,16384,0,0,147456,1179648,3462298,384,6,10000.097849957452,1638.205420349172,14743.848783142548,5738496,4345856,1392640,6483344,1293712,157760032,9.999902151,10.001187761,0.00128561,0.057119263,0.005163041,0.095008261,10.204444763,11.180243,64,256.0,5221.834,63310.179,10000|10000|10000|10000|10000|10000|10000|10000|10000|10000|0,9728|6656|0|0|0|0|0|0|0|0|0|0|0|0|0|0|0|0|0|0|0|0|0|0|0|0|0|0|0|0|0|0|0|0|0|0|0|0|0|0|0|0|0|0|0|0|0|0|0|0|0|0|0|0|0|0|0|0|0|0|0,162570240,87158784,73863168,0,0.022486499,0.035450445,0.164526657,10656.952,48b7e5f561c9bd1471e4a6aba0e5edbaa3aacb530e03b6ed7cc79fbe53388d18,c6518a54535cc0fb52bf0daa6168898bea851067d90d56994d3a44a2107bb00f,8bfc25b2de04a366987b4e9847b5ada30a88b8190f133845ba40de24c07ce161,831578f7bd22efc860bcc7571c8ac24c6f6b1c0f135991e5cf2425d24b524679
01,r1-10000-Activity-producer-only,Activity,10000,producer-only,1,edcea21f0363c19a8d568deecce31a53dda18780,control-complete,100000,100000,0,100000,0,0,0,0,100000,0,0,13600000,0,168,3,10000.098915978428,0,0,0,0,0,0,0,7360760,9.999901085,10.000908601,0.001007516,0.0,0.0,0.001437379,10.018872817,10.389488,0,,5704.383,0,10000|10000|10000|10000|10000|10000|10000|10000|10000|10000|0,0|0|0|0|0|0|0|0|0|0|0|0|0|0|0|0|0|0|0|0|0|0|0|0|0|0|0|0|0|0|0|0|0|0|0|0|0|0|0|0|0|0|0|0|0|0|0|0|0|0|0|0|0|0|0|0|0|0|0|0|0,138063872,64450560,0,0,,,,,,65e9bea86855fff6b203d75c549aa3a4758b6fd2d0f3968f87a911a803dcbc05,4324bd98fcabfff18e6d8097c36e3c58890fc99f2b421fe7534732a4c8671e6a,
01,r1-10000-Activity-sqlite,Activity,10000,sqlite,1,edcea21f0363c19a8d568deecce31a53dda18780,complete-not-production-approval,100000,100000,0,100000,0,0,0,100000,0,0,500000,13600000,0,264,6,10000.097790956297,9995.413519545542,49977.067597727706,25817088,15896576,9920512,27979928,2130072,365493416,9.99990221,10.004588585,0.004686375,0.269480085,0.000731449,0.275501067,10.393150682,12.119637,391,255.7544757033248,5520.218,42898.521,10000|10000|10000|10000|10000|10000|10000|10000|10000|10000|0,9728|9984|9984|9984|10240|9984|9984|9984|9984|9984|160|0|0|0|0|0|0|0|0|0|0|0|0|0|0|0|0|0|0|0|0|0|0|0|0|0|0|0|0|0|0|0|0|0|0|0|0|0|0|0|0|0|0|0|0|0|0|0|0|0|0,160313344,85024768,62455808,0,0.02361796,0.03988583,0.442546315,13783.343,6d7f01d7ce6b68a217a265383a7e01364af30b6249e278f6148110d886fdb9af,e7281b6cb92737083a5b197cf866a8525ec53895b6f5d925932b84e53eb0cb1f,81c46307e4250b8d356cdb4e503ced12499e8dd0693c28908f9def684b6c689d,ebde145a160c8399753c1b29e3157de1b5c9167c434500eb3137aa6c608557cb
01,r1-50000-Numeric-producer-only,Numeric,50000,producer-only,1,edcea21f0363c19a8d568deecce31a53dda18780,control-complete,500000,500000,0,500000,0,0,0,0,500000,0,0,36000000,0,852,15,50000.09544018217,0,0,0,0,0,0,0,36430640,9.999980912,10.001747487,0.001766575,0.0,0.0,0.001676308,10.019875234,10.499249,0,,6044.935,0,50000|50000|50000|50000|50000|50000|50000|50000|50000|50000|0,0|0|0|0|0|0|0|0|0|0|0|0|0|0|0|0|0|0|0|0|0|0|0|0|0|0|0|0|0|0|0|0|0|0|0|0|0|0|0|0|0|0|0|0|0|0|0|0|0|0|0|0|0|0|0|0|0|0|0|0|0,147083264,73355264,0,0,,,,,,1a2c5afa6dfabfe87ae3afbc79baee897d394bff571a96b85b298ac481503e76,accc7bf2a9ec34c054fa37b4d90318f2ba86c1c079eec3671093b8eaee0bd345,
01,r1-50000-Numeric-sqlite,Numeric,50000,sqlite,1,edcea21f0363c19a8d568deecce31a53dda18780,complete-not-production-approval,500000,500000,0,500000,0,0,0,500000,0,0,500000,36000000,0,1385,32,50000.09443017834,49979.157721634416,49979.157721634416,66301952,16039936,50262016,76684192,10349472,709030296,9.999981114,10.004170194,0.00418908,1.379697113,0.002414743,1.389704933,11.49891269,13.805002,1954,255.88536335721597,5192.056,32664.434,50000|50000|50000|50000|50000|50000|50000|50000|50000|50000|0,49664|50176|49920|49920|49920|50176|49920|49920|50176|49920|288|0|0|0|0|0|0|0|0|0|0|0|0|0|0|0|0|0|0|0|0|0|0|0|0|0|0|0|0|0|0|0|0|0|0|0|0|0|0|0|0|0|0|0|0|0|0|0|0|0|0,184164352,109002752,63033344,0,0.022717489,0.048994217,0.753752788,23786.292,84bce6187bcff9bf5d36f2fec16f2c30852b4018c35a197f0c3561ba8adf2a06,2a014749e909f89bd0fdc0df29541f003296f7ada6a61e71e92a579830c3d2e2,e321b73758681bbe646e52000443040038dbd58c82b2fccdbb3710b7d89dc7d2,b16425cdf9c656269b5bc06941583e56fced5d9ad2088e6e6c92743ce197da4d
01,r1-50000-RepeatedStacks-producer-only,RepeatedStacks,50000,producer-only,1,edcea21f0363c19a8d568deecce31a53dda18780,control-complete,500000,500000,0,500000,0,0,0,0,500000,0,0,36000000,26002,1033,46,50000.09316017358,0,0,0,0,0,0,0,37096832,9.999981368,10.001424643,0.001443275,0.0,0.0,0.000775708,10.018909289,10.539261,0,,5511.119,0,50000|50000|50000|50000|50000|50000|50000|50000|50000|50000|0,0|0|0|0|0|0|0|0|0|0|0|0|0|0|0|0|0|0|0|0|0|0|0|0|0|0|0|0|0|0|0|0|0|0|0|0|0|0|0|0|0|0|0|0|0|0|0|0|0|0|0|0|0|0|0|0|0|0|0|0|0,147546112,73646080,0,0,,,,,,a82ea7b691a4c5d0b7fd4ac54014cfcf308ed41914a3460832f1e6bee8794862,38f3548707a76becbce40be4ef8d576d3f3cd04dd782d7117a2980d2baef52fb,
01,r1-50000-RepeatedStacks-sqlite,RepeatedStacks,50000,sqlite,1,edcea21f0363c19a8d568deecce31a53dda18780,complete-not-production-approval,500000,500000,0,500000,0,0,0,500000,0,0,501024,36000000,26002,3057,53,50000.05677006445,49972.29470018393,50074.6379597299,66306048,16052224,50253824,76688288,10349472,710388528,9.999988646,10.005544132,0.005555486,1.447901514,0.003063575,1.458114859,11.567483621,13.8917,1954,255.88536335721597,5365.962,66031.467,50000|50000|50000|50000|50000|50000|50000|50000|50000|50000|0,48896|50688|50176|49920|49920|49920|50176|49920|50176|49920|288|0|0|0|0|0|0|0|0|0|0|0|0|0|0|0|0|0|0|0|0|0|0|0|0|0|0|0|0|0|0|0|0|0|0|0|0|0|0|0|0|0|0|0|0|0|0|0|0|0|0,184758272,109604864,62787584,0,0.02447861,0.050005805,0.760503339,23109.477,9e33828832430ab89f204a5bdba8716eaf0a7612ee8e538e73abbe4ca3d8a6a7,6b711ce545adae5e926bff0aa50f4fdda9c11fd03617cc6286e49b635fa849fe,38e0438fbcb9f06d503641375da52a4ecc1100aba97267b0e7ef66976678180f,f4e83b4e87fab6261b812546165a54ff467fbbef3a16ab7298c50c5a1a125997
01,r1-50000-NovelStacks-producer-only,NovelStacks,50000,producer-only,1,edcea21f0363c19a8d568deecce31a53dda18780,dictionary-cap,500000,500000,0,500000,0,483616,0,0,16384,0,0,1179648,3462298,803,56,50000.08174013363,0,0,0,0,0,0,0,270053016,9.999983652,10.001685447,0.001701795,0.0,0.0,0.030595793,10.049499798,10.628556,0,,5744.355,0,50000|50000|50000|50000|50000|50000|50000|50000|50000|50000|0,0|0|0|0|0|0|0|0|0|0|0|0|0|0|0|0|0|0|0|0|0|0|0|0|0|0|0|0|0|0|0|0|0|0|0|0|0|0|0|0|0|0|0|0|0|0|0|0|0|0|0|0|0|0|0|0|0|0|0|0|0,152547328,78819328,0,0,,,,,,7007066a91e349612f07d4706d0c83861958ec3b1a80481c5e4abf4b955931ce,f1dea34c7eee98f825c6f886cd5d66f22f2b202db60186b6d981f49de33e09f1,
01,r1-50000-NovelStacks-sqlite,NovelStacks,50000,sqlite,1,edcea21f0363c19a8d568deecce31a53dda18780,queue-overload,500000,500000,0,11358,488642,0,0,11358,0,0,102222,817776,2426374,4096,4096,50000.09368517554,624.8507133624315,5623.656420261884,4157440,3084288,1073152,4897400,1157752,278717608,9.999981263,18.177141767,8.177160504,0.040649197,0.005056435,0.076650344,18.357915495,12.691764,9063,1.253227408142999,5211.113,8244450.921,50000|50000|50000|50000|50000|50000|50000|50000|50000|50000|0,2694|457|460|532|516|533|513|532|538|486|540|509|514|467|481|510|470|515|91|0|0|0|0|0|0|0|0|0|0|0|0|0|0|0|0|0|0|0|0|0|0|0|0|0|0|0|0|0|0|0|0|0|0|0|0|0|0|0|0|0|0,164671488,89513984,72069120,0,0.023062004,0.036534066,0.1484611,10939.197,6f5b1ca386e9a2559b36a47540724bdd7a1e2a7e2b4816582bb4bb5c7492d291,700623465f471171bebcf6c702022c0beebae5506a98668591486f895d2a704d,48e9aad0a8d7eb3a45ab3894c8833332bf39f42c874197c298528e1af036eb13,ab3411049419bfe87d8aa189946ce3c175dea2a44a74242611c147ac36dccc44
01,r1-50000-Activity-producer-only,Activity,50000,producer-only,1,edcea21f0363c19a8d568deecce31a53dda18780,control-complete,500000,500000,0,500000,0,0,0,0,500000,0,0,68000000,0,854,32,50000.0810251313,0,0,0,0,0,0,0,36426160,9.999983795,10.00107333,0.001089535,0.0,0.0,0.001583115,10.020140772,10.718217,0,,5684.221,0,50000|50000|50000|50000|50000|50000|50000|50000|50000|50000|0,0|0|0|0|0|0|0|0|0|0|0|0|0|0|0|0|0|0|0|0|0|0|0|0|0|0|0|0|0|0|0|0|0|0|0|0|0|0|0|0|0|0|0|0|0|0|0|0|0|0|0|0|0|0|0|0|0|0|0|0|0,147275776,73457664,0,0,,,,,,5c2b6a792157230af8a3ee5616527640a75d4410700945cac746bb04376730a2,961cb9d7dd84533634ea59df8557c88037959f7cea28558664922714f1891038,
01,r1-50000-Activity-sqlite,Activity,50000,sqlite,1,edcea21f0363c19a8d568deecce31a53dda18780,queue-overload,500000,500000,0,13643,486357,0,0,13643,0,0,68215,1855448,0,4096,4096,50000.08094513104,754.7680287736006,3773.840143868003,3301376,2043904,1257472,4283360,1219552,248495872,9.999983811,18.07575239,8.075768579,0.046125538,0.004086418,0.055270769,18.222536705,12.442324,9053,1.5070142494200818,4973.162,8238120.131,50000|50000|50000|50000|50000|50000|49984|50016|50000|50000|0,5014|498|492|532|520|484|501|539|468|498|501|501|496|531|484|553|517|481|33|0|0|0|0|0|0|0|0|0|0|0|0|0|0|0|0|0|0|0|0|0|0|0|0|0|0|0|0|0|0|0|0|0|0|0|0|0|0|0|0|0|0,161992704,86892544,61943808,0,0.022358778,0.035506111,0.081084639,10733.35,d6105b58f9aa341be8a61383a09acf20e11199241800839ffbb67e9622217fe3,30b907e2aa88ac8834ceb32e8280b6cd60da869ba9c7ddc6b6ac542af791e542,20c2e31b78246317a9c443fea09d44e22694023a19d1338f5199b47d374c74f3,1d973c34361e9bed560df5c275709f300b69fd1c4277e6dcc76fc559a7b618c1
01,r1-100000-Numeric-producer-only,Numeric,100000,producer-only,1,edcea21f0363c19a8d568deecce31a53dda18780,control-complete,1000000,1000000,0,1000000,0,0,0,0,1000000,0,0,72000000,0,1663,25,100000.07787006063,0,0,0,0,0,0,0,72785280,9.999992213,10.00169718,0.001704967,0.0,0.0,0.00179596,10.020511303,10.673831,0,,5674.138,0,100000|99998|100002|100000|100000|100000|100000|100000|100000|100000|0,0|0|0|0|0|0|0|0|0|0|0|0|0|0|0|0|0|0|0|0|0|0|0|0|0|0|0|0|0|0|0|0|0|0|0|0|0|0|0|0|0|0|0|0|0|0|0|0|0|0|0|0|0|0|0|0|0|0|0|0|0,147173376,73412608,0,0,,,,,,716a8ab8c4189d34332675a30be8eccdfd96a00bcedd3b33df02aa4808da6c60,827c1456a079ba24df3ecd008523e23b2c893b0577acb8529b72587c8a1494d8,
01,r1-100000-Numeric-sqlite,Numeric,100000,sqlite,1,edcea21f0363c19a8d568deecce31a53dda18780,queue-overload,1000000,1000000,0,864167,135833,0,0,864167,0,0,864167,62220024,0,4096,4007,100000.08953008015,86031.32555064217,86031.32555064217,115277824,27807744,87470080,133351912,18008552,1224184560,9.999991047,10.044794666,0.044803619,2.536403278,0.003802,2.550023292,12.703870413,16.198728,3376,255.9736374407583,5104.289,102875.245,100000|100000|100000|100000|100000|100000|100000|100000|100000|100000|0,54784|89600|90880|92672|93440|94976|87296|88832|85504|81920|4263|0|0|0|0|0|0|0|0|0|0|0|0|0|0|0|0|0|0|0|0|0|0|0|0|0|0|0|0|0|0|0|0|0|0|0|0|0|0|0|0|0|0|0|0|0|0|0|0|0|0,207007744,131760128,62386176,0,0.025086322,0.059601359,1.276447521,31988.109,94bd1f037000b8a188cae85d03ef9e571808900a6d3d9e4a2402b6f0ca58dbcb,e64e54682e291b6aafa8892f63e4bc6585d1910d0327380ea56d86c7a0d03de1,5a2518af0f7787a74bfd3395e335e535021535acd0b6959d065b7d75ecf5b355,c76706aae23824ffd1f95400a6ac7acad5b6eca392185a5aac8c59510ec95f4d
01,r1-100000-RepeatedStacks-producer-only,RepeatedStacks,100000,producer-only,1,edcea21f0363c19a8d568deecce31a53dda18780,control-complete,1000000,1000000,0,1000000,0,0,0,0,1000000,0,0,72000000,26002,1643,67,100000.0902200814,0,0,0,0,0,0,0,73704184,9.999990978,10.000681659,0.000690681,0.0,0.0,0.000819501,10.017922124,10.694828,0,,5351.118,0,100000|100000|100000|100000|100000|100000|100000|100000|100000|100000|0,0|0|0|0|0|0|0|0|0|0|0|0|0|0|0|0|0|0|0|0|0|0|0|0|0|0|0|0|0|0|0|0|0|0|0|0|0|0|0|0|0|0|0|0|0|0|0|0|0|0|0|0|0|0|0|0|0|0|0|0|0,148361216,74317824,0,0,,,,,,1f3fb120ab7aa012a02500031a01e5a29995efd055af7e884a3634f91dbe98e8,cec11189ba0f163ee952e9ab4a4e6c588b2e5e1253bde194507d4e00b1530346,
01,r1-100000-RepeatedStacks-sqlite,RepeatedStacks,100000,sqlite,1,edcea21f0363c19a8d568deecce31a53dda18780,queue-overload,1000000,1000000,0,841586,158414,0,0,841586,0,0,842610,60594192,26002,4096,3954,100000.0645000416,83751.82833290142,83853.73339336214,112340992,27115520,85225472,129953640,17547112,1193791952,9.99999355,10.048568691,0.048575141,2.562222011,0.003335916,2.575075858,12.727867076,16.110211,3288,255.95681265206812,5488.503,99317.534,100000|100000|100000|100000|100000|100000|100000|100000|100000|100000|0,55040|80384|84736|93440|85760|87552|87808|88320|85504|88832|4210|0|0|0|0|0|0|0|0|0|0|0|0|0|0|0|0|0|0|0|0|0|0|0|0|0|0|0|0|0|0|0|0|0|0|0|0|0|0|0|0|0|0|0|0|0|0|0|0|0|0,207126528,131837952,63176704,0,0.025259138,0.060240505,1.256668638,32570.382,4902a377bfa8e74cdd9ae6044dba10da392be48b1b2218908f6c6dcd48e7327e,26f2df7ee80564d5ab1e958cf5bf3e24b99895dd4e960df1af4490d26a657d49,0a6f918f3a329b8b05aac0b66c41a6a49a5f121a6e77733d08e22b2677546376,8be101c32d9b53f1f87d8d8f4a452d0f26290e1b56660d6328651df56669eb1e
01,r1-100000-NovelStacks-producer-only,NovelStacks,100000,producer-only,1,edcea21f0363c19a8d568deecce31a53dda18780,dictionary-cap,1000000,1000000,0,1000000,0,983616,0,0,16384,0,0,1179648,3462298,1779,4,100000.0805000648,0,0,0,0,0,0,0,530608208,9.99999195,10.001096097,0.001104147,0.0,0.0,0.03600957,10.054273945,10.771371,0,,5474.716,0,99984|100016|100000|100000|99999|100001|100000|100000|100000|100000|0,0|0|0|0|0|0|0|0|0|0|0|0|0|0|0|0|0|0|0|0|0|0|0|0|0|0|0|0|0|0|0|0|0|0|0|0|0|0|0|0|0|0|0|0|0|0|0|0|0|0|0|0|0|0|0|0|0|0|0|0|0,152428544,78663680,0,0,,,,,,a05a2333fbb6270e68b636a30cd3943029850883c2428cc455b71875099acbe1,698a6f478abb10e3b328fa8ef80750f72737eb2decd0d72ef8ad1cce981a2e5f,
01,r1-100000-NovelStacks-sqlite,NovelStacks,100000,sqlite,1,edcea21f0363c19a8d568deecce31a53dda18780,queue-overload,1000000,1000000,0,10872,989128,0,0,10872,0,0,97848,782784,2329070,4096,4096,100000.08441007126,590.3462270730071,5313.1160436570635,4009984,2977792,1032192,4619208,1215432,275814928,9.999991559,18.416311482,8.416319923,0.041611424,0.004832245,0.071813507,18.595248265,12.625487,9087,1.196434466820733,4910.03,8418674.564,100000|100000|100000|100000|99999|100001|100000|100000|100000|100000|0,2165|458|524|521|498|539|550|498|503|519|546|507|437|477|490|495|467|480|198|0|0|0|0|0|0|0|0|0|0|0|0|0|0|0|0|0|0|0|0|0|0|0|0|0|0|0|0|0|0|0|0|0|0|0|0|0|0|0|0|0|0,164720640,89595904,71745536,0,0.022708952,0.036032686,0.123450615,11018.04,dddb0479233cf1598910348c69e988de91e85ba2d92da44a5a9286bb7dffed37,54ec5777b9d23020b45830e87525ee2a81da1e44e71bfa52000b9a6e0899c600,7fa5d1e1210b88e3b057285e32e2c3e32f6eaa6bf25330f7cc3c39918c21567f,38b94cd2aa8f14ec0fa638cbccc01a7f12bb0d8ae10b5e90e69a113854063ad9
01,r1-100000-Activity-producer-only,Activity,100000,producer-only,1,edcea21f0363c19a8d568deecce31a53dda18780,logical-cap,1000000,1000000,0,1000000,0,0,259829,0,740171,0,0,100663256,0,1648,83,100000.08832007801,0,0,0,0,0,0,0,72789944,9.999991168,10.000942761,0.000951593,0.0,0.0,0.001692976,10.018929611,10.927839,0,,5768.889,0,100000|100000|100000|100000|100000|100000|100000|100000|100000|100000|0,0|0|0|0|0|0|0|0|0|0|0|0|0|0|0|0|0|0|0|0|0|0|0|0|0|0|0|0|0|0|0|0|0|0|0|0|0|0|0|0|0|0|0|0|0|0|0|0|0|0|0|0|0|0|0|0|0|0|0|0|0,147378176,73506816,0,0,,,,,,6f4859d91404e6dc778e6d2efabda16bbee0065886f41410de12e632b1510c01,470cb3d60428d27ce7f7e0bbbaf73a0bc809a5114bae7ec344ee8dc60a122ef5,
01,r1-100000-Activity-sqlite,Activity,100000,sqlite,1,edcea21f0363c19a8d568deecce31a53dda18780,queue-overload,1000000,1000000,0,11379,988621,0,0,11379,0,0,56895,1547544,0,4096,4096,100000.07693005918,630.4880552683203,3152.4402763416015,2777088,1712128,1064960,3254592,1104192,235211744,9.999992307,18.0479232,8.047930893,0.04499275,0.006687287,0.056874884,18.209687147,12.452721,8829,1.2888209310227658,5262.094,8590051.439,100000|100000|100000|100000|100000|100000|100000|100000|100000|100000|0,2912|470|465|477|505|490|502|488|503|470|490|517|527|519|524|499|501|496|24|0|0|0|0|0|0|0|0|0|0|0|0|0|0|0|0|0|0|0|0|0|0|0|0|0|0|0|0|0|0|0|0|0|0|0|0|0|0|0|0|0|0,161988608,86728704,62033920,0,0.024437307,0.037743598,0.068727925,10870.878,acfbbda2db96d2a1410996b18d97880d278cda03792c0f6213231dbc324f7d18,88f5b44209af76cfa380f90a2dfc5abb597b12ead5d7b2aef9f060c0ca828bcd,417be7a98015932b3505672094d60ca85bb730a98826b64cea594508c3c0b070,697310ae632900198047da9410c945f2d4443773e7c4603e2bda43b93b21cbc8
01,r2-1000-Numeric-producer-only,Numeric,1000,producer-only,2,edcea21f0363c19a8d568deecce31a53dda18780,control-complete,10000,10000,0,10000,0,0,0,0,10000,0,0,720000,0,17,1,1000.0997494489602,0,0,0,0,0,0,0,1941760,9.999002605,9.99984948,0.000846875,0.0,0.0,0.001398989,10.018382408,10.315069,0,,5396.657,0,1000|1000|1000|1000|1000|1000|1000|1000|1000|1000|0,0|0|0|0|0|0|0|0|0|0|0|0|0|0|0|0|0|0|0|0|0|0|0|0|0|0|0|0|0|0|0|0|0|0|0|0|0|0|0|0|0|0|0|0|0|0|0|0|0|0|0|0|0|0|0|0|0|0|0|0|0,135266304,61190144,0,0,,,,,,bb82fad365716e70cceb4d287d23f5052ba71de2acf116e81ccb49546e31948d,cc2e9404c9a33cb7b300c583ec333726981d7a1418f4a749518d0c472ada44c2,
01,r2-1000-Numeric-sqlite,Numeric,1000,sqlite,2,edcea21f0363c19a8d568deecce31a53dda18780,complete-not-production-approval,10000,10000,0,10000,0,0,0,10000,0,0,10000,720000,0,20,1,1000.0998439678227,999.82773318097,999.82773318097,1277952,339968,937984,2201800,1083592,15124880,9.99900166,10.001722965,0.002721305,0.048052189,0.003744894,0.060915694,10.166780338,10.671435,100,100.0,5193.956,115663.468,1000|1000|1000|1000|1000|1000|1000|1000|1000|1000|0,914|1009|1009|1008|1010|1010|1008|1008|1009|1010|5|0|0|0|0|0|0|0|0|0|0|0|0|0|0|0|0|0|0|0|0|0|0|0|0|0|0|0|0|0|0|0|0|0|0|0|0|0|0|0|0|0|0|0|0|0|0|0|0|0|0,157810688,82354176,60264448,0,0.024111485,0.03798808,0.034504158,11505.552,2f9d4a460d8e26c80125f25ece12655c1ee558da47f871827356be931124b81d,19e439b20c812a7673b30813475d15ae77e94d2c4af4bb734ea729d2ab555097,3855ea7d4af22e358eb7464535ee750f9fb16e4638e5486e48a9376273e0d402,fd4364dffd0b215d2993e47901657ba962860e72119d9e609c0c90d65d482299
01,r2-1000-RepeatedStacks-producer-only,RepeatedStacks,1000,producer-only,2,edcea21f0363c19a8d568deecce31a53dda18780,control-complete,10000,10000,0,10000,0,0,0,0,10000,0,0,720000,26002,19,1,1000.0998249640288,0,0,0,0,0,0,0,2082264,9.99900185,9.999611398,0.000609548,0.0,0.0,0.001026212,10.01746107,10.321076,0,,4841.65,0,1000|1000|1000|1000|1000|1000|1000|1000|1000|1000|0,0|0|0|0|0|0|0|0|0|0|0|0|0|0|0|0|0|0|0|0|0|0|0|0|0|0|0|0|0|0|0|0|0|0|0|0|0|0|0|0|0|0|0|0|0|0|0|0|0|0|0|0|0|0|0|0|0|0|0|0|0,135409664,61661184,0,0,,,,,,a8932a66bfa891cd32be9447e88b4f2b0bd93a23f10efa03fef09d3ee048b1b2,1097ba65c42410fbb8e430508abd96e9620298871752152e72782d168bb3c207,
01,r2-1000-RepeatedStacks-sqlite,RepeatedStacks,1000,sqlite,2,edcea21f0363c19a8d568deecce31a53dda18780,complete-not-production-approval,10000,10000,0,10000,0,0,0,10000,0,0,11024,720000,26002,28,2,1000.0998607711779,999.6071885614612,1101.9669646701548,1310720,372736,937984,2308728,1157752,15865480,9.999001492,10.003929658,0.004928166,0.04242852,0.003431921,0.051060987,10.162362149,10.707784,100,100.0,4795.705,122075.463,1000|1000|1000|1000|1000|1000|1000|1000|1000|1000|0,913|1010|1010|1010|1010|1009|1010|1009|1009|909|101|0|0|0|0|0|0|0|0|0|0|0|0|0|0|0|0|0|0|0|0|0|0|0|0|0|0|0|0|0|0|0|0|0|0|0|0|0|0|0|0|0|0|0|0|0|0|0|0|0|0,159006720,83644416,60141568,0,0.02289451,0.036505658,0.031979812,10999.972,a08c5f4711acb8b6bb35eea32e613e13f17ca4ef65dbec41b5bc0981e21afef3,8aee06a203afcd5f59814b40e174fb1efd684f4e38ecab39e880c559812fa5fc,8c54e1f98d40236853fc764c238e578f5ae77656871fcf815c68ec3b8c302879,7f2fef4ca8ce38be19451fece4a265edc00ba8277738278bb47c7c88a78a8bff
01,r2-1000-NovelStacks-producer-only,NovelStacks,1000,producer-only,2,edcea21f0363c19a8d568deecce31a53dda18780,control-complete,10000,10000,0,10000,0,0,0,0,10000,0,0,720000,2108890,17,1,1000.0997714533498,0,0,0,0,0,0,0,12521736,9.999002385,9.999753346,0.000750961,0.0,0.0,0.024800644,10.041390232,10.371945,0,,4414.903,0,1000|1000|1000|1000|1000|1000|1000|1000|1000|1000|0,0|0|0|0|0|0|0|0|0|0|0|0|0|0|0|0|0|0|0|0|0|0|0|0|0|0|0|0|0|0|0|0|0|0|0|0|0|0|0|0|0|0|0|0|0|0|0|0|0|0|0|0|0|0|0|0|0|0|0|0|0,146284544,72192000,0,0,,,,,,bef5065de7025ce3f094bccb11a73aec3fa48081e03aab2b05eb6f98ce9a9b3c,78abc9b12fc66881fc0267f14946c40c5d3cb68c82848ab7753633108cc0c2c3,
01,r2-1000-NovelStacks-sqlite,NovelStacks,1000,sqlite,2,edcea21f0363c19a8d568deecce31a53dda18780,complete-not-production-approval,10000,10000,0,10000,0,0,0,10000,0,0,90000,720000,2108890,30,1,1000.0996355262491,999.8462982278664,8998.616684050798,3592192,2646016,946176,4352416,1120672,68560664,9.999003744,10.001537254,0.00253351,0.036219554,0.00452449,0.066325478,10.1742883,10.875753,100,100.0,4199.715,123882.388,1000|1000|1000|1000|1000|1000|1000|1000|1000|1000|0,912|1009|1009|1008|1010|1008|1010|1008|1010|1009|7|0|0|0|0|0|0|0|0|0|0|0|0|0|0|0|0|0|0|0|0|0|0|0|0|0|0|0|0|0|0|0|0|0|0|0|0|0|0|0|0|0|0|0|0|0|0|0|0|0|0,161312768,86024192,71139328,0,0.022261165,0.035305123,0.113262805,10746.966,cc82beb07899915f5f844acd15e32585a612adddfca309b1418632a9131f290d,36c29245b55128436e8befad0ff3bcdf8677ffb3701768b0e83946d703ec8231,ee52fbc8f7dc085b690627309e8a6faaa1e898f8ea1bab3673051892f8dfe2ad,18fda480452b76c858c6ead48e76753174022bd919fa2bd0ba6b10e11a3182e9
01,r2-1000-Activity-producer-only,Activity,1000,producer-only,2,edcea21f0363c19a8d568deecce31a53dda18780,control-complete,10000,10000,0,10000,0,0,0,0,10000,0,0,1360000,0,20,1,1000.0997076406225,0,0,0,0,0,0,0,1941760,9.999003023,9.999713302,0.000710279,0.0,0.0,0.001409149,10.017848726,10.29982,0,,4469.325,0,1000|1000|1000|1000|1000|1000|1000|1000|1000|1000|0,0|0|0|0|0|0|0|0|0|0|0|0|0|0|0|0|0|0|0|0|0|0|0|0|0|0|0|0|0|0|0|0|0|0|0|0|0|0|0|0|0|0|0|0|0|0|0|0|0|0|0|0|0|0|0|0|0|0|0|0|0,135483392,61526016,0,0,,,,,,fcfc514e9374f99fdcab053d0f92e0a0ddbcd009f625208c2023b10fb012cc8a,312c66f951b3506083c295e0626093012836cbd5ec9da8dfe7d716f6e31d20bf,
01,r2-1000-Activity-sqlite,Activity,1000,sqlite,2,edcea21f0363c19a8d568deecce31a53dda18780,complete-not-production-approval,10000,10000,0,10000,0,0,0,10000,0,0,50000,1360000,0,22,1,1000.0989572915767,999.7410260848619,4998.70513042431,2412544,1466368,946176,3033792,1170112,37609672,9.999010525,10.00259041,0.003579885,0.039849944,0.007842524,0.051888663,10.162264334,10.814731,100,100.0,3970.732,117203.762,1000|1000|1000|1000|1000|1000|1000|1000|1000|1000|0,912|1004|1008|1009|1009|994|1008|1007|1010|1008|31|0|0|0|0|0|0|0|0|0|0|0|0|0|0|0|0|0|0|0|0|0|0|0|0|0|0|0|0|0|0|0|0|0|0|0|0|0|0|0|0|0|0|0|0|0|0|0|0|0|0,160980992,85749760,61472768,0,0.023626134,0.037945953,0.063165363,11898.56,c917157eb56ff506944398c3e1d893757525b9d50b027ce776a4be8a5ae7737b,72e9ec467310d6a8adccf893c5551328314fd4c4f2af275f5259e4f4f7719ad9,09a809fa3e5b94687a618f1aac5a0f655cb3e890b42400039e04d2b13a724c3a,b8696b319a96433e54a1096380525525ae61f611455ad2c3a96e6a7d46e275c1
01,r2-10000-Numeric-producer-only,Numeric,10000,producer-only,2,edcea21f0363c19a8d568deecce31a53dda18780,control-complete,100000,100000,0,100000,0,0,0,0,100000,0,0,7200000,0,171,1,10000.096860938194,0,0,0,0,0,0,0,7360760,9.99990314,10.001307099,0.001403959,0.0,0.0,0.001454571,10.019435775,10.357479,0,,5956.499,0,10000|10000|10000|10000|10000|10000|10000|10000|10000|10000|0,0|0|0|0|0|0|0|0|0|0|0|0|0|0|0|0|0|0|0|0|0|0|0|0|0|0|0|0|0|0|0|0|0|0|0|0|0|0|0|0|0|0|0|0|0|0|0|0|0|0|0|0|0|0|0|0|0|0|0|0|0,138407936,64290816,0,0,,,,,,e291ca3014c386957077965ecf74f60e2900d6f23a2c6b1b2c1eaf01c95b093c,69a48f46824871be03f93e98cc8c25b913708a4f601399f10688b1935c487922,
01,r2-10000-Numeric-sqlite,Numeric,10000,sqlite,2,edcea21f0363c19a8d568deecce31a53dda18780,complete-not-production-approval,100000,100000,0,100000,0,0,0,100000,0,0,100000,7200000,0,229,5,10000.096515931524,9996.840676447973,9996.840676447973,13037568,3219456,9818112,15513528,2443192,140925048,9.999903485,10.003160322,0.003256837,0.312938495,0.0006969,0.319766776,10.421323981,11.239989,391,255.7544757033248,4908.079,44496.281,10000|10000|10000|10000|10000|10000|10000|10000|10000|10000|0,9728|10240|9984|9984|9984|9984|9984|9984|9984|9984|160|0|0|0|0|0|0|0|0|0|0|0|0|0|0|0|0|0|0|0|0|0|0|0|0|0|0|0|0|0|0|0|0|0|0|0|0|0|0|0|0|0|0|0|0|0|0|0|0|0|0,158576640,83480576,62484480,0,0.022619775,0.039070202,0.184390799,13811.862,94c2ec3cdcf10c704faf1897dd233fdd4e6fdd3406afce9e54da5b38bdfd8835,4b4f1e06e5fd6dcd0a9b35396a2e1c50a7c9aef4d60e1ff6e7b0c5449ec02a1a,7b7492590406bebb3c2ef771a320762fd595f0b3e96a19f5eb7ce40817616a3c,9a3264c2ead50c151c3b1d6a25d96eaa9531ed462577abf35032b591736854b5
01,r2-10000-RepeatedStacks-producer-only,RepeatedStacks,10000,producer-only,2,edcea21f0363c19a8d568deecce31a53dda18780,control-complete,100000,100000,0,100000,0,0,0,0,100000,0,0,7200000,26002,194,4,10000.097639953347,0,0,0,0,0,0,0,7565880,9.999902361,10.0007577,0.000855339,0.0,0.0,0.000822018,10.018672974,10.371636,0,,5433.002,0,10000|10000|10000|10000|10000|10000|10000|10000|10000|10000|0,0|0|0|0|0|0|0|0|0|0|0|0|0|0|0|0|0|0|0|0|0|0|0|0|0|0|0|0|0|0|0|0|0|0|0|0|0|0|0|0|0|0|0|0|0|0|0|0|0|0|0|0|0|0|0|0|0|0|0|0|0,137826304,63852544,0,0,,,,,,c6991cfe77397011c15b4a553cc3c09fc14a68d67a332fd70aa7778269f01102,9f39dcba94cb23f14d0ff36040eb639acc8468d03a5ce8313bbacd84199739a5,
01,r2-10000-RepeatedStacks-sqlite,RepeatedStacks,10000,sqlite,2,edcea21f0363c19a8d568deecce31a53dda18780,complete-not-production-approval,100000,100000,0,100000,0,0,0,100000,0,0,101024,7200000,26002,288,11,10000.098653973251,9996.470068481653,10098.833921982903,13062144,3248128,9814016,15599904,2504992,141586768,9.999901347,10.003531178,0.003629831,0.293100378,0.000991136,0.299846577,10.406243787,11.254323,391,255.7544757033248,5144.562,43934.93,10000|10000|10000|10000|10000|10000|10000|10000|10000|10000|0,9728|10240|9984|9984|9984|9984|9984|9984|9984|9984|160|0|0|0|0|0|0|0|0|0|0|0|0|0|0|0|0|0|0|0|0|0|0|0|0|0|0|0|0|0|0|0|0|0|0|0|0|0|0|0|0|0|0|0|0|0|0|0|0|0|0,158781440,83574784,62537728,0,0.022629061,0.038605197,0.186103048,13599.17,646549c7fa290af3e3c219e9d04d009763be29af9002cead7d9d7543885c76b8,0aac02fe779f5d5896c20e6952c06c26df8617d20745ffacae65f6300e3eb2ea,8be9e6ac54845f5100347757ce24a893115b6bdb49dbf441e83b1fbf6cc65137,498cb610235eeb19499f9ddc42c5be74fc7bdb74f0f34c21f94722902b7f87ef
01,r2-10000-NovelStacks-producer-only,NovelStacks,10000,producer-only,2,edcea21f0363c19a8d568deecce31a53dda18780,dictionary-cap,100000,100000,0,100000,0,83616,0,0,16384,0,0,1179648,3462298,178,2,10000.097994960292,0,0,0,0,0,0,0,61607792,9.999902006,10.000911403,0.001009397,0.0,0.0,0.029823399,10.047333664,10.438044,0,,5301.028,0,10000|10000|10000|10000|10000|10000|10000|10000|10000|10000|0,0|0|0|0|0|0|0|0|0|0|0|0|0|0|0|0|0|0|0|0|0|0|0|0|0|0|0|0|0|0|0|0|0|0|0|0|0|0|0|0|0|0|0|0|0|0|0|0|0|0|0|0|0|0|0|0|0|0|0|0|0,152608768,78819328,0,0,,,,,,a5bdebcea91088f664bcb11bea98761faf0e524df6faf0bfcde9031d9e053500,494f6c10337bc2cab14c61301f8c9b9dd70007e927696fe7509d7a006768d9d9,
01,r2-10000-NovelStacks-sqlite,NovelStacks,10000,sqlite,2,edcea21f0363c19a8d568deecce31a53dda18780,dictionary-cap,100000,100000,0,100000,0,83616,0,16384,0,0,147456,1179648,3462298,364,1,10000.096340928148,1638.2292933949925,14744.063640554934,5738496,4345856,1392640,6483344,1293712,157219176,9.99990366,10.001042019,0.001138359,0.05019852,0.008424317,0.091126931,10.189883388,11.206376,64,256.0,5434.207,61233.891,10000|10000|10000|10000|10000|10000|10000|10000|10000|10000|0,9728|6656|0|0|0|0|0|0|0|0|0|0|0|0|0|0|0|0|0|0|0|0|0|0|0|0|0|0|0|0|0|0|0|0|0|0|0|0|0|0|0|0|0|0|0|0|0|0|0|0|0|0|0|0|0|0|0|0|0|0|0,160571392,85340160,73969664,0,0.023838153,0.037173048,0.161993979,10814.129,6d2ea4d94dd2d3ee2a6f57c857ce1fc7af2e11d280177d534d37c8cb7a6b647a,1182ad489f2da613cc16a30d57e4305cab97814f82a9fc55ac69a74ca3a5bd9c,b54c20934e69e06e087eacb698a64c19732ba240fcd584817899ca434ede1646,6fec79acc43d4715380e488187bcdd66ae0d5663b7d6bfc4937822a73f78a91f
01,r2-10000-Activity-producer-only,Activity,10000,producer-only,2,edcea21f0363c19a8d568deecce31a53dda18780,control-complete,100000,100000,0,100000,0,0,0,0,100000,0,0,13600000,0,175,3,10000.096897938913,0,0,0,0,0,0,0,7360760,9.999903103,10.002023525,0.002120422,0.0,0.0,0.001592666,10.020637394,10.395409,0,,5557.87,0,10000|10000|10000|10000|10000|10000|10000|10000|10000|10000|0,0|0|0|0|0|0|0|0|0|0|0|0|0|0|0|0|0|0|0|0|0|0|0|0|0|0|0|0|0|0|0|0|0|0|0|0|0|0|0|0|0|0|0|0|0|0|0|0|0|0|0|0|0|0|0|0|0|0|0|0|0,137617408,63688704,0,0,,,,,,bbbfcf2f25270a2c88d970fa543cf970c320e77f3424962e195c4e3f8a26cf23,77caedfe78cbad17d4225bb52a9ab8a4c60fa38911422df682d455167dc171fa,
01,r2-10000-Activity-sqlite,Activity,10000,sqlite,2,edcea21f0363c19a8d568deecce31a53dda18780,complete-not-production-approval,100000,100000,0,100000,0,0,0,100000,0,0,500000,13600000,0,274,12,10000.096575932683,9995.639619121537,49978.19809560769,25817088,15896576,9920512,27979928,2130072,367588928,9.999903425,10.004362283,0.004458858,0.289075779,0.000650863,0.294334985,10.396342717,12.247975,391,255.7544757033248,5172.058,47189.944,10000|10000|10000|10000|10000|10000|10000|10000|10000|10000|0,9728|9984|9984|9984|10240|9984|9984|9984|9984|9984|160|0|0|0|0|0|0|0|0|0|0|0|0|0|0|0|0|0|0|0|0|0|0|0|0|0|0|0|0|0|0|0|0|0|0|0|0|0|0|0|0|0|0|0|0|0|0|0|0|0|0,158830592,83537920,62390272,0,0.023400691,0.039742577,0.42785288,13986.418,748a127c2468065320a56414e797d835eca20d1d1db206e74a9faca726ab6116,00191c39dad62596fcce67cf021c17e992340393c70f0efc07f3689ac448b831,1b8480cb50c0938725e804543c19d2b45282afd86187d4cc02bc4a734cd61b61,89442f9f0764765964db182fd0b1e7e377ed7bd9cf141b7ca6680a2accd5288b
01,r2-50000-Numeric-producer-only,Numeric,50000,producer-only,2,edcea21f0363c19a8d568deecce31a53dda18780,control-complete,500000,500000,0,500000,0,0,0,0,500000,0,0,36000000,0,834,38,50000.09568018309,0,0,0,0,0,0,0,36426208,9.999980864,10.002810075,0.002829211,0.0,0.0,0.001548297,10.020400795,10.503429,0,,5500.895,0,50000|50000|50000|50000|50000|50000|50000|50000|50000|50000|0,0|0|0|0|0|0|0|0|0|0|0|0|0|0|0|0|0|0|0|0|0|0|0|0|0|0|0|0|0|0|0|0|0|0|0|0|0|0|0|0|0|0|0|0|0|0|0|0|0|0|0|0|0|0|0|0|0|0|0|0|0,147046400,73080832,0,0,,,,,,63e8c6219b7eff6a80edd6b4a71e6cd437f265e1edf76cfd002938a33be20247,980d4e56514ea79e596eb08364f78d27880be6c36b27d688bfa077bf1f65e13a,
01,r2-50000-Numeric-sqlite,Numeric,50000,sqlite,2,edcea21f0363c19a8d568deecce31a53dda18780,complete-not-production-approval,500000,500000,0,500000,0,0,0,500000,0,0,500000,36000000,0,1479,32,50000.079940127805,49979.18924036099,49979.18924036099,66301952,16039936,50262016,76684192,10349472,709389080,9.999984012,10.004163885,0.004179873,1.406720983,0.002029941,1.416156173,11.533847659,13.783817,1954,255.88536335721597,5198.427,34339.91,50000|49999|50001|49998|50002|50000|50000|50000|50000|50000|0,49664|49920|50176|49920|49920|50176|49920|49920|50176|49920|288|0|0|0|0|0|0|0|0|0|0|0|0|0|0|0|0|0|0|0|0|0|0|0|0|0|0|0|0|0|0|0|0|0|0|0|0|0|0|0|0|0|0|0|0|0|0|0|0|0|0,183947264,108961792,62943232,0,0.025125512,0.050415121,0.759082824,22808.926,cd2067ba42e935d1bc891c0388b7ccca234e94bb426b9e9f2c1bc91a12a6d0ec,f1cd0593a847b4faf4eadf3f5daaa72c8c1ff6565c331e884cafa29f4a687b58,8572ae1c3f1dcb534248595a2f01635f9af81b87db265bf1dc979688a039fe77,522b84d6cbdeff508c52d8943dd2fa01a1d8c5eb184299bb851823da89699db8
01,r2-50000-RepeatedStacks-producer-only,RepeatedStacks,50000,producer-only,2,edcea21f0363c19a8d568deecce31a53dda18780,control-complete,500000,500000,0,500000,0,0,0,0,500000,0,0,36000000,26002,869,43,50000.09115016617,0,0,0,0,0,0,0,36949336,9.99998177,10.001402441,0.001420671,0.0,0.0,0.000937072,10.018543253,10.555351,0,,5560.29,0,50000|50000|50000|50000|50000|50000|50000|50000|50000|50000|0,0|0|0|0|0|0|0|0|0|0|0|0|0|0|0|0|0|0|0|0|0|0|0|0|0|0|0|0|0|0|0|0|0|0|0|0|0|0|0|0|0|0|0|0|0|0|0|0|0|0|0|0|0|0|0|0|0|0|0|0|0,147206144,73392128,0,0,,,,,,5e12d0089009c4122a1c37e970434c91680c632cfc9b8e8c702e3262073f3bc5,4d044bce87f1845852604bf8c3ce4bbd13f970ec7050eadcfed3c6ae5cdbd325,
01,r2-50000-RepeatedStacks-sqlite,RepeatedStacks,50000,sqlite,2,edcea21f0363c19a8d568deecce31a53dda18780,complete-not-production-approval,500000,500000,0,500000,0,0,0,500000,0,0,501024,36000000,26002,2270,32,50000.08960516058,49982.181886966646,50084.54539547115,66306048,16052224,50253824,76688288,10349472,711149248,9.999982079,10.003564893,0.003582814,1.504897149,0.002080097,1.514889978,11.623388967,13.93947,1954,255.88536335721597,5016.51,50280.532,50000|50000|50000|50000|50000|50000|50000|50000|50000|50000|0,49664|49920|50176|49920|49408|50688|49408|50432|50176|49920|288|0|0|0|0|0|0|0|0|0|0|0|0|0|0|0|0|0|0|0|0|0|0|0|0|0|0|0|0|0|0|0|0|0|0|0|0|0|0|0|0|0|0|0|0|0|0|0|0|0|0,184717312,109355008,63119360,0,0.025177551,0.051087416,0.763901449,22914.775,66509001ab7fff54423243e758e93f862f2499f1832e4eb2c4690d4ebb5e3518,b668f7272774898e844eeab40e04e0a635e3701303b14f9d7be434544d936344,e3370335a66b1c77634be479071e87afdc7881b41a48d554902f0260287f7cf0,864c454df0958e518ff58c1f57c822188c18af4a903c2e0e49b2a0fa8fa9a2a2
01,r2-50000-NovelStacks-producer-only,NovelStacks,50000,producer-only,2,edcea21f0363c19a8d568deecce31a53dda18780,dictionary-cap,500000,500000,0,500000,0,483616,0,0,16384,0,0,1179648,3462298,866,32,50000.08952516029,0,0,0,0,0,0,0,270053000,9.999982095,10.001190112,0.001208017,0.0,0.0,0.030188642,10.048421117,10.614759,0,,5771.779,0,50000|49999|50001|50000|50000|50000|49999|50001|50000|50000|0,0|0|0|0|0|0|0|0|0|0|0|0|0|0|0|0|0|0|0|0|0|0|0|0|0|0|0|0|0|0|0|0|0|0|0|0|0|0|0|0|0|0|0|0|0|0|0|0|0|0|0|0|0|0|0|0|0|0|0|0|0,152182784,78495744,0,0,,,,,,03f89232bc68dc431ea4f756498d7fd000911bbd5858665f5e2b7351bf283b47,0be444a4ea9fd9f7b20371df9efda0ac306bcf61e9f40f9195122f1cba0264ad,
01,r2-50000-NovelStacks-sqlite,NovelStacks,50000,sqlite,2,edcea21f0363c19a8d568deecce31a53dda18780,queue-overload,500000,500000,0,11086,488914,0,0,11086,0,0,99774,798192,2367142,4096,4096,50000.0882601558,625.1341871735226,5626.207684561704,4046848,3006464,1040384,4619016,1182472,270839600,9.999982348,17.733792564,7.733810216,0.039649338,0.004760484,0.073682783,17.912615338,12.622291,8791,1.261062450233193,5019.791,8694021.388,50000|50000|50000|50000|50000|50000|50000|50000|50000|50000|0,2672|455|463|472|456|466|473|524|495|513|533|557|534|534|528|511|530|370|0|0|0|0|0|0|0|0|0|0|0|0|0|0|0|0|0|0|0|0|0|0|0|0|0|0|0|0|0|0|0|0|0|0|0|0|0|0|0|0|0|0|0,164831232,89554944,71745536,0,0.024233572,0.038028388,0.123458983,11261.176,e785396402748da71ffc6b9b20fc0a7f1d6067ccd71f9541424ba641b4af3e36,d13b31308296f5e29a3f9b2fbb9a390b67f4e336ba90dea85307646f5f432231,0bc56d9acb754c941c8d2210a8a6fd740183228f755000b751899d16690d5129,f6f4683f942de56340e5add6a9b8ceb4d0d12d1f68e3ab7fba1b22f0bbeb6075
01,r2-50000-Activity-producer-only,Activity,50000,producer-only,2,edcea21f0363c19a8d568deecce31a53dda18780,control-complete,500000,500000,0,500000,0,0,0,0,500000,0,0,68000000,0,804,14,50000.083880140715,0,0,0,0,0,0,0,36426312,9.999983224,10.001135946,0.001152722,0.0,0.0,0.001588718,10.018571589,10.709005,0,,5776.39,0,50000|50000|50000|50000|50000|50000|50000|50000|50000|50000|0,0|0|0|0|0|0|0|0|0|0|0|0|0|0|0|0|0|0|0|0|0|0|0|0|0|0|0|0|0|0|0|0|0|0|0|0|0|0|0|0|0|0|0|0|0|0|0|0|0|0|0|0|0|0|0|0|0|0|0|0|0,147214336,73449472,0,0,,,,,,f3f16a0312c7dd82eecf859085af2e52eeee7ed4d208594bdbb4344d036de94f,a56b253e26053bacafaf440946982f1a3ae7c8f85d67c74c2b71dd8e69e687de,
01,r2-50000-Activity-sqlite,Activity,50000,sqlite,2,edcea21f0363c19a8d568deecce31a53dda18780,queue-overload,500000,500000,0,13223,486777,0,0,13223,0,0,66115,1798328,0,4096,4096,50000.09175516838,742.3638374778919,3711.81918738946,3203072,1978368,1224704,3586392,1108312,248799488,9.999981649,17.812020646,7.812038997,0.040781004,0.005070236,0.050078619,17.956599521,12.425386,9143,1.446243027452696,4725.257,8000018.645,50000|50000|50000|50000|50000|50000|50000|50000|50000|50000|0,4490|489|515|515|488|528|541|537|498|525|533|497|543|565|549|501|502|407|0|0|0|0|0|0|0|0|0|0|0|0|0|0|0|0|0|0|0|0|0|0|0|0|0|0|0|0|0|0|0|0|0|0|0|0|0|0|0|0|0|0|0,161574912,86528000,61898752,0,0.024152832,0.038874875,0.082023855,11709.418,d43c29aea5056d6dfb01dfaf47cadf089e297db72c6943b72878ec9d09819c95,9880e7aacbf6dd2c080cdc39dbd00c4bf4ccb1a4ba4be9d0830e8a696584ae30,093b83ba48fb2ff354a3eb66807b7f69c55e9efb245c9519230e3d01246215e9,774dd33140cee08e64a53e28c24b449da1433803663a9c761a60b14aaecac29d
01,r2-100000-Numeric-producer-only,Numeric,100000,producer-only,2,edcea21f0363c19a8d568deecce31a53dda18780,control-complete,1000000,1000000,0,1000000,0,0,0,0,1000000,0,0,72000000,0,1615,1,100000.08898007918,0,0,0,0,0,0,0,72784064,9.999991102,10.001110334,0.001119232,0.0,0.0,0.001608302,10.020159454,10.658193,0,,5483.85,0,100000|100000|100000|100000|100000|100000|100000|100000|99999|100001|0,0|0|0|0|0|0|0|0|0|0|0|0|0|0|0|0|0|0|0|0|0|0|0|0|0|0|0|0|0|0|0|0|0|0|0|0|0|0|0|0|0|0|0|0|0|0|0|0|0|0|0|0|0|0|0|0|0|0|0|0|0,147365888,73428992,0,0,,,,,,3c5df6e779f0f331844de40ab4a8582ddf89f8ec8b324ec1cc0afd173a58fd2d,128ac648fd3bba59cdc89fa2ccd7466ef1d771ff259215e5d0d968b0a3c06b80,
01,r2-100000-Numeric-sqlite,Numeric,100000,sqlite,2,edcea21f0363c19a8d568deecce31a53dda18780,queue-overload,1000000,1000000,0,18894,981106,0,0,18894,0,0,18894,1360368,0,4096,4096,100000.08150006643,1099.4559884146336,1099.4559884146336,2260992,581632,1679360,2685104,1079472,232934640,9.99999185,17.184862513,7.184870663,0.056504229,0.006809226,0.06815296,17.362363418,12.276454,9459,1.9974627339042181,6320.018,7561816.771,100000|100000|100000|100000|100000|100000|100000|100000|100000|100000|0,9824|541|573|545|552|526|554|569|568|545|608|566|600|568|590|531|539|95|0|0|0|0|0|0|0|0|0|0|0|0|0|0|0|0|0|0|0|0|0|0|0|0|0|0|0|0|0|0|0|0|0|0|0|0|0|0|0|0|0|0|0,160296960,85045248,60813312,0,0.022720087,0.036125548,0.047946652,10928.861,df25ddb9e376350d01d240e2677d360979ecc57ccf1a9a334af6378c526f831e,dd2c0bb700e94aa658a89d0ede301d2e79c44f4326e480618bc32926654546e0,23197a443e11dfac7cefaac78abc77a33a4918ffe027c1b17aa385741983acea,3d0daf3ed2aa7a550125f54afe4624e1145fcd025cbc85323fe4445a658acaea
01,r2-100000-RepeatedStacks-producer-only,RepeatedStacks,100000,producer-only,2,edcea21f0363c19a8d568deecce31a53dda18780,control-complete,1000000,1000000,0,1000000,0,0,0,0,1000000,0,0,72000000,26002,1675,80,100000.0438100192,0,0,0,0,0,0,0,73704184,9.999995619,10.000663597,0.000667978,0.0,0.0,0.00081219,10.017709925,10.700922,0,,5348.978,0,100000|100000|100000|100000|100000|99997|100003|100000|100000|100000|0,0|0|0|0|0|0|0|0|0|0|0|0|0|0|0|0|0|0|0|0|0|0|0|0|0|0|0|0|0|0|0|0|0|0|0|0|0|0|0|0|0|0|0|0|0|0|0|0|0|0|0|0|0|0|0|0|0|0|0|0|0,148324352,74297344,0,0,,,,,,8d8c8eabcceb6474b07db5c6f12a6c94319b6adf2e675a1eef25a77404f057b0,7d00b7744bb982c2fc53072d462feb25f4cc23942bff85f9364c984bbdac19c5,
01,r2-100000-RepeatedStacks-sqlite,RepeatedStacks,100000,sqlite,2,edcea21f0363c19a8d568deecce31a53dda18780,queue-overload,1000000,1000000,0,879883,120117,0,0,879883,0,0,880907,63351576,26002,4096,3851,100000.08949008008,87599.14846538783,87701.09557429727,117374976,28319744,89055232,135774544,18334032,1248404704,9.999991051,10.044424123,0.044433072,2.597968764,0.003707512,2.611193532,12.759329338,16.24901,3438,255.92873763816172,5231.879,102406.1,100000|100000|100000|100000|100000|100000|100000|100000|100000|100000|0,55552|89600|94976|94976|96256|90624|92672|92160|80896|88064|4107|0|0|0|0|0|0|0|0|0|0|0|0|0|0|0|0|0|0|0|0|0|0|0|0|0|0|0|0|0|0|0|0|0|0|0|0|0|0|0|0|0|0|0|0|0|0|0|0|0|0,208064512,132902912,63279104,0,0.024242413,0.058946054,1.35874112,32288.919,d471519eae502609b633772f3c40352005556d06161e2e3969c537843f99dc3c,89e1ec7e7f8fa853358e67136d1d3e129781cc0f1abb6fd571aa11ae2c6a0b87,a46d1342e0aeb56c8664706bf6d88051d225a6e7b8a72ae19d4fa7007b206336,26320bedc668687a73bdf4df5c0784d42b08d2aeddb56897766c26aa59c71ed0
01,r2-100000-NovelStacks-producer-only,NovelStacks,100000,producer-only,2,edcea21f0363c19a8d568deecce31a53dda18780,dictionary-cap,1000000,1000000,0,1000000,0,983616,0,0,16384,0,0,1179648,3462298,1766,29,100000.07641005839,0,0,0,0,0,0,0,530607400,9.999992359,10.00154709,0.001554731,0.0,0.0,0.036517121,10.055202154,10.811471,0,,5904.277,0,100000|100000|100000|100000|100000|100000|100000|100000|100000|100000|0,0|0|0|0|0|0|0|0|0|0|0|0|0|0|0|0|0|0|0|0|0|0|0|0|0|0|0|0|0|0|0|0|0|0|0|0|0|0|0|0|0|0|0|0|0|0|0|0|0|0|0|0|0|0|0|0|0|0|0|0|0,152924160,79003648,0,0,,,,,,6cf02f5d5eeac964bd9faa19b251bdb8faa8b09c5cb4873dd276b91f0c3a9875,daa9fb238515d2f25d773c61f0403588951318be7d5481ee3502991d0ee76dee,
01,r2-100000-NovelStacks-sqlite,NovelStacks,100000,sqlite,2,edcea21f0363c19a8d568deecce31a53dda18780,queue-overload,1000000,1000000,0,10853,989147,0,0,10853,0,0,97677,781416,2324558,4096,4096,100000.09029008153,610.4567652811699,5494.110887530529,4001792,2973696,1028096,4692192,1087712,275174344,9.999990971,17.778490824,7.778499853,0.039537765,0.004175683,0.071503357,17.943461045,12.70809,9068,1.196846052051169,5230.787,8217157.914,100000|99999|100001|100000|100000|100000|100000|100000|100000|100000|0,2172|515|513|488|509|530|495|504|513|517|554|515|533|532|527|540|494|402|0|0|0|0|0|0|0|0|0|0|0|0|0|0|0|0|0|0|0|0|0|0|0|0|0|0|0|0|0|0|0|0|0|0|0|0|0|0|0|0|0|0|0,165134336,89935872,71905280,0,0.0232275,0.03668289,0.120437041,11023.939,55cafc288c1292fabb01bfbdbf41b775a96adbc128420653e58f90cccc0d2869,af6c9f16106fdb616c7790028a0f64021a72de33cbc423e7d5c8935c6cc82123,bb32f900f578f99a521c1cd00872036bb884e0444743e59c2da10e25567e6cd7,a8452758ea23e12f3bb6d8a9b51f515d52b23024edbafddef5f16734d7c7e1ea
01,r2-100000-Activity-producer-only,Activity,100000,producer-only,2,edcea21f0363c19a8d568deecce31a53dda18780,logical-cap,1000000,1000000,0,1000000,0,0,259829,0,740171,0,0,100663256,0,2016,85,100000.07705005936,0,0,0,0,0,0,0,72785432,9.999992295,10.000768005,0.00077571,0.0,0.0,0.001651181,10.018302516,10.939648,0,,5350.554,0,100000|99999|100001|100000|100000|100000|100000|100000|100000|100000|0,0|0|0|0|0|0|0|0|0|0|0|0|0|0|0|0|0|0|0|0|0|0|0|0|0|0|0|0|0|0|0|0|0|0|0|0|0|0|0|0|0|0|0|0|0|0|0|0|0|0|0|0|0|0|0|0|0|0|0|0|0,147304448,73310208,0,0,,,,,,0124aacdbbefb6b0b501f15ace4f1b628e211156cce33a42971c260ad0ac7798,79655878151b77a08d3ea6a5f9956ee91778da0d8c9cd9050a2c6265e704605c,
01,r2-100000-Activity-sqlite,Activity,100000,sqlite,2,edcea21f0363c19a8d568deecce31a53dda18780,queue-overload,1000000,1000000,0,12077,987923,0,0,12077,0,0,60385,1642472,0,4096,4096,100000.06413004112,691.1095627450325,3455.547813725162,2945024,1818624,1126400,3172744,1116552,241959512,9.999993587,17.474797993,7.474804406,0.037172553,0.005729844,0.04737896,17.624674871,12.33828,9017,1.339358988577132,5025.87,8379793.389,100000|100000|100000|100000|100000|100000|100000|99999|100001|100000|0,3509|495|492|474|489|483|504|507|474|553|541|553|509|498|565|560|597|274|0|0|0|0|0|0|0|0|0|0|0|0|0|0|0|0|0|0|0|0|0|0|0|0|0|0|0|0|0|0|0|0|0|0|0|0|0|0|0|0|0|0|0,162914304,87621632,62025728,0,0.024844486,0.038044732,0.076288911,10795.856,67841e0c2ed34bd4dd6b8e5d82a808a6fb9cff7b51ec241633db43469256a7fe,45af00d27d09cc0c73322172f48b903cfe8136a4e11f65a38f6d585cea2be7e5,b21d11b12a228792dc30bfd1f3e6abe45b53d2db61d3e3107286f68743e994ee,83a522d5f2c29c4ae5a728675cfeb3d5bd72dc2504a23cf4ba471ebbb5750008
01,r3-1000-Numeric-producer-only,Numeric,1000,producer-only,3,edcea21f0363c19a8d568deecce31a53dda18780,control-complete,10000,10000,0,10000,0,0,0,0,10000,0,0,720000,0,17,1,1000.0997088408618,0,0,0,0,0,0,0,1941760,9.999003011,10.000695344,0.001692333,0.0,0.0,0.001523759,10.019319,10.309684,0,,4531.809,0,1000|1000|1000|1000|1000|1000|1000|1000|1000|1000|0,0|0|0|0|0|0|0|0|0|0|0|0|0|0|0|0|0|0|0|0|0|0|0|0|0|0|0|0|0|0|0|0|0|0|0|0|0|0|0|0|0|0|0|0|0|0|0|0|0|0|0|0|0|0|0|0|0|0|0|0|0,135409664,61075456,0,0,,,,,,04200d8d75a6650816af921388637b9107240644a8b3aca80050476bffa780ad,8ea6fba66afc2b0d027d761f211a24733b6ffbb200a23bc79710bb46a65cae0a,
01,r3-1000-Numeric-sqlite,Numeric,1000,sqlite,3,edcea21f0363c19a8d568deecce31a53dda18780,complete-not-production-approval,10000,10000,0,10000,0,0,0,10000,0,0,10000,720000,0,21,1,1000.0997532497183,999.8493381024277,999.8493381024277,1277952,339968,937984,2205920,1087712,15123720,9.999002567,10.001506846,0.002504279,0.03549966,0.002878145,0.042388051,10.147235003,10.685535,100,100.0,3946.14,115716.578,1000|1000|1000|1000|1000|1000|1000|1000|1000|1000|0,913|1010|1010|1009|1009|1006|1007|1010|1010|1010|6|0|0|0|0|0|0|0|0|0|0|0|0|0|0|0|0|0|0|0|0|0|0|0|0|0|0|0|0|0|0|0|0|0|0|0|0|0|0|0|0|0|0|0|0|0|0|0|0|0|0,157978624,82751488,60964864,0,0.023652009,0.037011627,0.030252224,11015.126,f6f76ccff42977b380a50d66c8fc2bf7e4baa41fcfdd456456918b211cc299e8,19150a2c3e3e95786818068d34fdf6bdb3769e0abf1c16f371d5eb3c7edaa7e4,fee875df254d89905e5084921b3a2978f59fd63bb1ccbd7dc59941aadf7f0cfb,2ba97b6cdb81b9ebe5285100064112fc943d8473cf96a928c4e6fff6d5dda48f
01,r3-1000-RepeatedStacks-producer-only,RepeatedStacks,1000,producer-only,3,edcea21f0363c19a8d568deecce31a53dda18780,control-complete,10000,10000,0,10000,0,0,0,0,10000,0,0,720000,26002,19,1,1000.0990642127462,0,0,0,0,0,0,0,2082264,9.999009456,9.999710201,0.000700745,0.0,0.0,0.000730743,10.016923562,10.322104,0,,4640.987,0,1000|1000|1000|1000|1000|1000|1000|1000|1000|1000|0,0|0|0|0|0|0|0|0|0|0|0|0|0|0|0|0|0|0|0|0|0|0|0|0|0|0|0|0|0|0|0|0|0|0|0|0|0|0|0|0|0|0|0|0|0|0|0|0|0|0|0|0|0|0|0|0|0|0|0|0|0,135671808,61677568,0,0,,,,,,38f4d51c70ebdebffa52fcbe4e2180cee2a18c499579b841ad044f94b0bb74f0,cadafc090b2681b7d9e0b899c674b1dc91595e76843fdb45515fc34918cb0a6e,
01,r3-1000-RepeatedStacks-sqlite,RepeatedStacks,1000,sqlite,3,edcea21f0363c19a8d568deecce31a53dda18780,complete-not-production-approval,10000,10000,0,10000,0,0,0,10000,0,0,11024,720000,26002,28,1,1000.0985820174562,999.8696944817409,1102.2563511966712,1310720,372736,937984,2308728,1157752,15862680,9.999014277,10.001303225,0.002288948,0.037606959,0.003352156,0.045667536,10.145674096,10.67704,100,100.0,4180.094,122536.003,1000|1000|1000|1000|1000|1000|1000|1000|1000|1000|0,913|1008|1010|1010|1008|1009|1009|1010|1009|1010|4|0|0|0|0|0|0|0|0|0|0|0|0|0|0|0|0|0|0|0|0|0|0|0|0|0|0|0|0|0|0|0|0|0|0|0|0|0|0|0|0|0|0|0|0|0|0|0|0|0|0,159506432,84328448,60821504,0,0.022296463,0.035394826,0.03183893,10761.705,bcdaad53afa437a5dff68d49fc1d4c9f3818c89b0758df2a7e8ee676eb4ff182,7df625c958ed9602efb6c90bd3d9eaeaf036b5060f4f836f5e8fd2ea488ce511,04e688de0019b849954c3b29d5f1d89b5851a9f0d64407b94b144814d6b68d33,19e476bce4d5ead8d1b4368fbacb94cf7078fa5dc92b37964ba025cbed1bb40f
01,r3-1000-NovelStacks-producer-only,NovelStacks,1000,producer-only,3,edcea21f0363c19a8d568deecce31a53dda18780,control-complete,10000,10000,0,10000,0,0,0,0,10000,0,0,720000,2108890,18,1,1000.099864071837,0,0,0,0,0,0,0,12520736,9.999001459,9.999747979,0.00074652,0.0,0.0,0.027420521,10.043972332,10.374034,0,,4599.188,0,1000|1000|1000|1000|1000|1000|1000|1000|1000|1000|0,0|0|0|0|0|0|0|0|0|0|0|0|0|0|0|0|0|0|0|0|0|0|0|0|0|0|0|0|0|0|0|0|0|0|0|0|0|0|0|0|0|0|0|0|0|0|0|0|0|0|0|0|0|0|0|0|0|0|0|0|0,147046400,72716288,0,0,,,,,,456be2199c6f5d3211b7a829320515e96069232e774a941633f3cbbf31c2dc37,641b15919cb5ce58a53cb3d1d01a4455b1b7b54744a86600fddf41ebf385d348,
01,r3-1000-NovelStacks-sqlite,NovelStacks,1000,sqlite,3,edcea21f0363c19a8d568deecce31a53dda18780,complete-not-production-approval,10000,10000,0,10000,0,0,0,10000,0,0,90000,720000,2108890,28,2,1000.0998143619125,999.8610410122839,8998.749369110556,3592192,2646016,946176,4397736,1165992,68560536,9.999001956,10.001389783,0.002387827,0.034402532,0.004725996,0.063951216,10.165698499,10.874161,100,100.0,3992.961,122724.704,1000|1000|1000|1000|1000|1000|1000|1000|1000|1000|0,913|1010|1009|1008|1008|1009|1007|1010|1007|1008|11|0|0|0|0|0|0|0|0|0|0|0|0|0|0|0|0|0|0|0|0|0|0|0|0|0|0|0|0|0|0|0|0|0|0|0|0|0|0|0|0|0|0|0|0|0|0|0|0|0|0,161288192,86196224,71671808,0,0.023118171,0.036401298,0.114698559,10836.329,eac7dc7292fc2cd2705827151e15c2531c54169b2bb29cba924b8fd6a6891aba,d0d039b50b725b8b918c3553d7fe4ff1ee9aefd440f14d7c718a835e9d300a85,54fde8ecb26e751174353c1cc58ea275ebcd65bdaa3c7bb146efa18c468ecebf,709bfe44709f8ebd813b917d2cf3ec77fea65e1dddbd9133fdc54c25802c2f89
01,r3-1000-Activity-producer-only,Activity,1000,producer-only,3,edcea21f0363c19a8d568deecce31a53dda18780,control-complete,10000,10000,0,10000,0,0,0,0,10000,0,0,1360000,0,17,1,1000.0998153621122,0,0,0,0,0,0,0,1941760,9.999001946,9.999669029,0.000667083,0.0,0.0,0.001598241,10.017258901,10.30765,0,,4451.244,0,1000|1000|1000|1000|1000|1000|1000|1000|1000|1000|0,0|0|0|0|0|0|0|0|0|0|0|0|0|0|0|0|0|0|0|0|0|0|0|0|0|0|0|0|0|0|0|0|0|0|0|0|0|0|0|0|0|0|0|0|0|0|0|0|0|0|0|0|0|0|0|0|0|0|0|0|0,135438336,61313024,0,0,,,,,,51b62f94f47c6be4ff3f0f7953b4cf62278097a11c28706889d2a45c0f6b7285,fa975f944bc3a45985a58ad2514a977f27f8ec0a1e4162b9782ec2e3cd9df007,
01,r3-1000-Activity-sqlite,Activity,1000,sqlite,3,edcea21f0363c19a8d568deecce31a53dda18780,complete-not-production-approval,10000,10000,0,10000,0,0,0,10000,0,0,50000,1360000,0,23,1,1000.0997367464265,999.6794119096833,4998.397059548416,2412544,1466368,946176,3033792,1170112,37608024,9.999002732,10.003206909,0.004204177,0.034222335,0.005023721,0.043297351,10.148514028,10.802173,100,100.0,4422.927,117078.645,1000|1000|1000|1000|1000|1000|1000|1000|1000|1000|0,912|1009|1006|1010|1010|1002|1009|1009|1010|1010|13|0|0|0|0|0|0|0|0|0|0|0|0|0|0|0|0|0|0|0|0|0|0|0|0|0|0|0|0|0|0|0|0|0|0|0|0|0|0|0|0|0|0|0|0|0|0|0|0|0|0,161222656,85823488,61100032,0,0.024081267,0.037895276,0.063839216,11116.602,e042ff476970caebe952612ed842de5a60e9503b43356f656fb7e7b584d22d72,ae8fb3c89408f2b7793fb41f8c1031afcc32ad7f71b6b9874a409d0856cb361f,89f032de199f403b5b2793d4e3034c7a9485f3d5e47315c3428b7abe1b751180,533d5506e1c04386a809686eeee64a66b5eb8ebe54f4d04a3f8a540c4fe010a6
01,r3-10000-Numeric-producer-only,Numeric,10000,producer-only,3,edcea21f0363c19a8d568deecce31a53dda18780,control-complete,100000,100000,0,100000,0,0,0,0,100000,0,0,7200000,0,169,6,10000.09454089379,0,0,0,0,0,0,0,7360760,9.99990546,10.000706464,0.000801004,0.0,0.0,0.001654595,10.019577425,10.358544,0,,5273.705,0,10000|10000|10000|10000|10000|10000|10000|10000|10000|10000|0,0|0|0|0|0|0|0|0|0|0|0|0|0|0|0|0|0|0|0|0|0|0|0|0|0|0|0|0|0|0|0|0|0|0|0|0|0|0|0|0|0|0|0|0|0|0|0|0|0|0|0|0|0|0|0|0|0|0|0|0|0,138133504,64315392,0,0,,,,,,d60f361a8c3cc6b1b7f18d4c612d9bd2cc618cddb91ed14c912be0dfe17e09a9,1aebe052ef3c1e79d6a833cda3ddf53ca378f63114266f0b63725372e4271dd0,
01,r3-10000-Numeric-sqlite,Numeric,10000,sqlite,3,edcea21f0363c19a8d568deecce31a53dda18780,complete-not-production-approval,100000,100000,0,100000,0,0,0,100000,0,0,100000,7200000,0,214,2,10000.095676915398,9996.921430051158,9996.921430051158,13037568,3219456,9818112,15513528,2443192,140379496,9.999904324,10.003079518,0.003175194,0.283529079,0.000701432,0.289440313,10.383555465,11.206715,391,255.7544757033248,5068.734,42281.202,10000|10000|10000|10000|10000|10000|10000|10000|10000|10000|0,9728|9984|10240|9984|9984|9984|9984|9984|9984|9984|160|0|0|0|0|0|0|0|0|0|0|0|0|0|0|0|0|0|0|0|0|0|0|0|0|0|0|0|0|0|0|0|0|0|0|0|0|0|0|0|0|0|0|0|0|0|0|0|0|0|0,158547968,83374080,62574592,0,0.023602271,0.0395016,0.188645415,13428.903,328c63e98b7db831e58999c19b20df08ce118b0204eeb865954d36d0b2cb3021,58ffe44206e4b04e0a9ec55820d93ead55b1157c7e78fad902492d0a0b790553,75fecd2058e619774b30cd9850e6079fa38e00c452272eb735205e20710082a6,e63c64c33f7b24a084f9252a7e275e533c84b69102a4df30e2695e4a6276fa69
01,r3-10000-RepeatedStacks-producer-only,RepeatedStacks,10000,producer-only,3,edcea21f0363c19a8d568deecce31a53dda18780,control-complete,100000,100000,0,100000,0,0,0,0,100000,0,0,7200000,26002,170,9,10000.096314927647,0,0,0,0,0,0,0,7561632,9.999903686,10.002260138,0.002356452,0.0,0.0,0.001063462,10.019851479,10.36763,0,,5505.051,0,10000|10000|10000|10000|10000|10000|10000|10000|10000|10000|0,0|0|0|0|0|0|0|0|0|0|0|0|0|0|0|0|0|0|0|0|0|0|0|0|0|0|0|0|0|0|0|0|0|0|0|0|0|0|0|0|0|0|0|0|0|0|0|0|0|0|0|0|0|0|0|0|0|0|0|0|0,138383360,64491520,0,0,,,,,,7cc55a6437e5612b836a18c76caf9b9acdaaa75e53b0e0a2efa46cef3c3b2a42,af1b41a674f12fa041a1e0b9072fcced2e4d73e6609384efc0911a9b7c67f350,
01,r3-10000-RepeatedStacks-sqlite,RepeatedStacks,10000,sqlite,3,edcea21f0363c19a8d568deecce31a53dda18780,complete-not-production-approval,100000,100000,0,100000,0,0,0,100000,0,0,101024,7200000,26002,297,11,10000.097619952956,9997.549061857044,10099.92396425046,13062144,3248128,9814016,15599904,2504992,141581992,9.999902381,10.002451539,0.002549158,0.313343305,0.00087328,0.320060311,10.435784848,11.299148,391,255.7544757033248,4793.711,43924.03,10000|10000|10000|10000|10000|10000|10000|10000|10000|10000|0,9728|9984|9984|10240|9984|9984|9984|9984|9984|9984|160|0|0|0|0|0|0|0|0|0|0|0|0|0|0|0|0|0|0|0|0|0|0|0|0|0|0|0|0|0|0|0|0|0|0|0|0|0|0|0|0|0|0|0|0|0|0|0|0|0|0,159059968,83644416,62267392,0,0.023556361,0.039475448,0.191160745,13397.323,620716fbb2edbe6179e5eefe3df5d3da5b047472c6e7fbeca9072f7453b0bc3d,91a25d5764991e551b6d331fb5c39ee283218286d41e9cc6ffb50d1d1a0847ff,f8cdc29534f328768af6e69b7657ff28bc1ab5b3fdf33dd30c91bd8dd5caff72,a102bcf24481239fb96719c6615e4efd069a39072d2e1dc1ad7c2e17fe35acc0
01,r3-10000-NovelStacks-producer-only,NovelStacks,10000,producer-only,3,edcea21f0363c19a8d568deecce31a53dda18780,dictionary-cap,100000,100000,0,100000,0,83616,0,0,16384,0,0,1179648,3462298,162,10,10000.097794956377,0,0,0,0,0,0,0,61606792,9.999902206,10.000770712,0.000868506,0.0,0.0,0.03012859,10.047342241,10.423316,0,,5243.126,0,10000|10000|10000|10000|10000|10000|10000|10000|10000|10000|0,0|0|0|0|0|0|0|0|0|0|0|0|0|0|0|0|0|0|0|0|0|0|0|0|0|0|0|0|0|0|0|0|0|0|0|0|0|0|0|0|0|0|0|0|0|0|0|0|0|0|0|0|0|0|0|0|0|0|0|0|0,152797184,78663680,0,0,,,,,,7b3909f7aae32116af686a47ee6e8dd36186b65e2d13d890d2a8eabc1aefc237,08422d9e7a0c40b025e99a3e0103e50d5b88316644999039c0602e2b5a62b964,
01,r3-10000-NovelStacks-sqlite,NovelStacks,10000,sqlite,3,edcea21f0363c19a8d568deecce31a53dda18780,dictionary-cap,100000,100000,0,100000,0,83616,0,16384,0,0,147456,1179648,3462298,369,11,10000.097304946816,1638.28838046372,14744.59542417348,5738496,4345856,1392640,6483344,1293712,157218728,9.999902696,10.000681318,0.000778622,0.048154009,0.005416562,0.08503274,10.181540738,11.188957,64,256.0,5120.041,61693.931,10000|10000|10000|10000|10000|10000|10000|10000|10000|10000|0,9728|6656|0|0|0|0|0|0|0|0|0|0|0|0|0|0|0|0|0|0|0|0|0|0|0|0|0|0|0|0|0|0|0|0|0|0|0|0|0|0|0|0|0|0|0|0|0|0|0|0|0|0|0|0|0|0|0|0|0|0|0,161107968,85745664,75108352,0,0.02243651,0.035440683,0.167422009,10605.618,c28f557338c12af122b5f8d12ed254c8187fc141f13d6ead1c93b531a17a85c1,b12e7836154b88368e94e38b9d74e7a578ea5f611b9ef3131212c2d236d9533a,6d5df0e20dd59249f15548c3c2e51290eb8f84f3b0b70cd4da5ff29caee1a9f3,76403384ec685569f0213d6b2b8859929a4f6ede35425673d40c94956fc1a768
01,r3-10000-Activity-producer-only,Activity,10000,producer-only,3,edcea21f0363c19a8d568deecce31a53dda18780,control-complete,100000,100000,0,100000,0,0,0,0,100000,0,0,13600000,0,170,10,10000.097942959273,0,0,0,0,0,0,0,7360760,9.999902058,10.001399643,0.001497585,0.0,0.0,0.001694469,10.01945767,10.386187,0,,5357.943,0,10000|10000|10000|10000|10000|10000|10000|10000|10000|10000|0,0|0|0|0|0|0|0|0|0|0|0|0|0|0|0|0|0|0|0|0|0|0|0|0|0|0|0|0|0|0|0|0|0|0|0|0|0|0|0|0|0|0|0|0|0|0|0|0|0|0|0|0|0|0|0|0|0|0|0|0|0,138346496,64430080,0,0,,,,,,8d529d5ce906525ed79de58bc8173f7a9e91f760dba86559ac3100ec2e229034,828b883555ec5b0e217cb64e774b0c856e24915a3d045a6d20ffa3467b04d653,
01,r3-10000-Activity-sqlite,Activity,10000,sqlite,3,edcea21f0363c19a8d568deecce31a53dda18780,complete-not-production-approval,100000,100000,0,100000,0,0,0,100000,0,0,500000,13600000,0,254,11,10000.09922698459,9995.216829966408,49976.084149832044,25817088,15896576,9920512,27979928,2130072,365451496,9.999900774,10.004785459,0.004884685,0.270727584,0.00069394,0.276223592,10.376075561,12.10437,391,255.7544757033248,4777.015,45064.461,10000|10000|10000|10000|10000|10000|10000|10000|10000|10000|0,9728|9984|9984|9984|10240|9984|9984|9984|9984|9984|160|0|0|0|0|0|0|0|0|0|0|0|0|0|0|0|0|0|0|0|0|0|0|0|0|0|0|0|0|0|0|0|0|0|0|0|0|0|0|0|0|0|0|0|0|0|0|0|0|0|0,159608832,84246528,62554112,0,0.025172075,0.042003569,0.420838009,14364.796,9dda94defc3db4a625e30aa5c44c68f6bfe9f5e26f96757241f7dbe54aebafb8,c71ad2ab3f3018d3146b6086ea737ea7b6f8e27ccc69aa0f3a74bef6653bfe9e,f74842d6ec974deb3b22cde889843800a504632142656b4125f65e14390e0264,6b0183cd3c217f5032b5c8b176153e4ebcb2270a564bbc60e8ddbac44a86c986
01,r3-50000-Numeric-producer-only,Numeric,50000,producer-only,3,edcea21f0363c19a8d568deecce31a53dda18780,control-complete,500000,500000,0,500000,0,0,0,0,500000,0,0,36000000,0,813,38,50000.0962801854,0,0,0,0,0,0,0,36426312,9.999980744,10.001297109,0.001316365,0.0,0.0,0.001613757,10.018533355,10.516791,0,,5284.528,0,50000|50000|50000|50000|50000|50000|50000|50000|50000|50000|0,0|0|0|0|0|0|0|0|0|0|0|0|0|0|0|0|0|0|0|0|0|0|0|0|0|0|0|0|0|0|0|0|0|0|0|0|0|0|0|0|0|0|0|0|0|0|0|0|0|0|0|0|0|0|0|0|0|0|0|0|0,147329024,73170944,0,0,,,,,,7191d818d23169b72736153e935b62ff1b8f803ed0542d686f11eebf4a0f8cd4,66abef4e53e53648b3187f4a31b2d2c4da95190e646306d4771f290caa91bee3,
01,r3-50000-Numeric-sqlite,Numeric,50000,sqlite,3,edcea21f0363c19a8d568deecce31a53dda18780,complete-not-production-approval,500000,500000,0,500000,0,0,0,500000,0,0,500000,36000000,0,1343,49,50000.082770137014,49978.28203250151,49978.28203250151,66301952,16039936,50262016,76684192,10349472,708993672,9.999983446,10.004345481,0.004362035,1.38795596,0.002277135,1.396754045,11.494939551,13.759497,1954,255.88536335721597,5183.66,31661.919,50000|50000|50000|50000|50000|50000|50000|50000|50000|50000|0,49664|50176|49920|49920|49920|50176|49920|49920|50176|49920|288|0|0|0|0|0|0|0|0|0|0|0|0|0|0|0|0|0|0|0|0|0|0|0|0|0|0|0|0|0|0|0|0|0|0|0|0|0|0|0|0|0|0|0|0|0|0|0|0|0|0,185262080,109924352,62840832,0,0.023439686,0.048648076,0.750379722,22818.95,4fdfa5e86539a681f0b4cbefffa3ddae7c167ff15203783d17a1cd89f7b06f99,e6313c24f5803410d7b2ac61ac86bf1398419a5f9cb3e7ca574059e33295eff3,5e110237b98015e82cefcb73890008cfac2d5a2a1542f77e017507db81363b5b,511003c9c90f28484efed6ad01d558ccd60b84fd9713a458a5b0ac57c1f3c765
01,r3-50000-RepeatedStacks-producer-only,RepeatedStacks,50000,producer-only,3,edcea21f0363c19a8d568deecce31a53dda18780,control-complete,500000,500000,0,500000,0,0,0,0,500000,0,0,36000000,26002,828,22,50000.09619018505,0,0,0,0,0,0,0,36949352,9.999980762,10.001518242,0.00153748,0.0,0.0,0.000838743,10.018367412,10.537811,0,,5748.638,0,50000|50000|50000|50000|50000|50000|50000|50000|50000|50000|0,0|0|0|0|0|0|0|0|0|0|0|0|0|0|0|0|0|0|0|0|0|0|0|0|0|0|0|0|0|0|0|0|0|0|0|0|0|0|0|0|0|0|0|0|0|0|0|0|0|0|0|0|0|0|0|0|0|0|0|0|0,147599360,73396224,0,0,,,,,,0e893eb921419606c0ce33ce78ab5c09f8943491cad25ba2347d48cd6099e60d,2b6720283bddffb6cda88cd98a67003b735abfcb27681d326a4236a36a7b1f88,
01,r3-50000-RepeatedStacks-sqlite,RepeatedStacks,50000,sqlite,3,edcea21f0363c19a8d568deecce31a53dda18780,complete-not-production-approval,500000,500000,0,500000,0,0,0,500000,0,0,501024,36000000,26002,1506,49,50000.08545514605,49975.41411526202,50077.76376337008,66306048,16052224,50253824,76688288,10349472,710904872,9.999982909,10.004919596,0.004936687,1.398084624,0.002161994,1.407372397,11.506632996,13.860985,1954,255.88536335721597,5244.866,34183.282,50000|50000|50000|50000|50000|50000|50000|50000|50000|50000|0,49664|50176|49920|49920|49920|50176|49920|50176|49920|49920|288|0|0|0|0|0|0|0|0|0|0|0|0|0|0|0|0|0|0|0|0|0|0|0|0|0|0|0|0|0|0|0|0|0|0|0|0|0|0|0|0|0|0|0|0|0|0|0|0|0|0,183988224,108908544,62623744,0,0.02387273,0.049105155,0.801436049,22766.433,83c51d57fa8954601dc3009543a2c2b9f872e6ab92b22f24efc228f3132d960c,9ce4915ffd3f3801243c5425ba61f285c2c4336a5bab739ca53a9c639ae07a1e,537cb5ffecdbf0d41280973951c1e04d406a41215e0980e7ea930130cf62cf62,13515da9cab956f006bc3929bc21e661ec6ea8e75c88a1099cfa7d92ab100150
01,r3-50000-NovelStacks-producer-only,NovelStacks,50000,producer-only,3,edcea21f0363c19a8d568deecce31a53dda18780,dictionary-cap,500000,500000,0,500000,0,483616,0,0,16384,0,0,1179648,3462298,868,55,50000.090225162814,0,0,0,0,0,0,0,270053016,9.999981955,10.001456563,0.001474608,0.0,0.0,0.040797842,10.059446941,10.635035,0,,5659.103,0,50000|50000|50000|50000|50000|50000|50000|50000|50000|50000|0,0|0|0|0|0|0|0|0|0|0|0|0|0|0|0|0|0|0|0|0|0|0|0|0|0|0|0|0|0|0|0|0|0|0|0|0|0|0|0|0|0|0|0|0|0|0|0|0|0|0|0|0|0|0|0|0|0|0|0|0|0,152743936,78950400,0,0,,,,,,c14083ab7401bed99c4449c1ebec9241887806a48414b7f918f09183866394b7,c5f62a93b6bd09241d8e6ca4b8744d4a38fa9e0d10174c35365e996dae400392,
01,r3-50000-NovelStacks-sqlite,NovelStacks,50000,sqlite,3,edcea21f0363c19a8d568deecce31a53dda18780,queue-overload,500000,500000,0,10875,489125,0,0,10875,0,0,97875,783000,2320550,4096,4096,50000.08605514811,580.4129587124899,5223.716628412409,3969024,2949120,1019904,4954744,1157752,264690576,9.999982789,18.73665954,8.736676751,0.049317418,0.003225127,0.079202771,18.912257388,12.629691,8580,1.2674825174825175,5269.831,9198872.626,50000|50000|50000|50000|50000|50000|50000|50000|50000|50000|0,2656|458|485|469|504|466|431|419|454|437|400|457|497|471|447|462|484|490|388|0|0|0|0|0|0|0|0|0|0|0|0|0|0|0|0|0|0|0|0|0|0|0|0|0|0|0|0|0|0|0|0|0|0|0|0|0|0|0|0|0|0,165392384,90025984,71811072,0,0.023276697,0.036231107,0.120220418,10536.089,3a4876d383cedfc30f1a4cec9e53e839ac855cddbf97b641279da719db1279ac,3415a7dd1b45ef58e4544ee22801cbf4a20a855e18129696405098272662041a,78806ed80d6810a481333fd96e8db28444f528bfe3edb34029ded5bb2e0cb65b,f8ec904307cb06102930381afa98629af3d57ae138338213fddddb2fccb0490e
01,r3-50000-Activity-producer-only,Activity,50000,producer-only,3,edcea21f0363c19a8d568deecce31a53dda18780,control-complete,500000,500000,0,500000,0,0,0,0,500000,0,0,68000000,0,810,6,50000.05780006682,0,0,0,0,0,0,0,36426160,9.99998844,10.001266378,0.001277938,0.0,0.0,0.001539147,10.019147787,10.721767,0,,5179.843,0,50000|50000|50000|50000|50000|50000|50000|50000|50000|50000|0,0|0|0|0|0|0|0|0|0|0|0|0|0|0|0|0|0|0|0|0|0|0|0|0|0|0|0|0|0|0|0|0|0|0|0|0|0|0|0|0|0|0|0|0|0|0|0|0|0|0|0|0|0|0|0|0|0|0|0|0|0,147488768,73322496,0,0,,,,,,745144ca41157cd6dfceff5b47a6bc3001b7615e81c5df0be26d01e9f45755bc,038d6d27c081516a94cabe671d9907e1e1a6157b34460e85f28940f6b20bfcba,
01,r3-50000-Activity-sqlite,Activity,50000,sqlite,3,edcea21f0363c19a8d568deecce31a53dda18780,queue-overload,500000,500000,0,12699,487301,0,0,12699,0,0,63495,1727064,0,4096,4096,50000.0838451406,696.4948046532621,3482.4740232663107,3076096,1900544,1175552,3250496,1104192,240988808,9.999983231,18.232727531,8.2327443,0.040453107,0.005654371,0.051366944,18.380325462,12.501659,8874,1.4310344827586208,5207.759,8433453.968,50000|50000|50000|50000|50000|50000|50000|50000|50000|50000|0,4219|484|383|510|520|524|511|527|504|420|516|480|508|499|496|513|519|439|127|0|0|0|0|0|0|0|0|0|0|0|0|0|0|0|0|0|0|0|0|0|0|0|0|0|0|0|0|0|0|0|0|0|0|0|0|0|0|0|0|0|0,162127872,86720512,61739008,0,0.024658908,0.041397217,0.077979474,12995.262,b6787a5f9c4782fdffdbc1d583d9f0e169a2965227f22ee67cf3a8667ce8e0e8,3800c4ca0c4f150ed8c6d280ddfaf0b5764021e616801c806dca12243113cab5,5214c106c10f498275114fce1ad2dd207e70dff157aeb8e95650cb1c41251bde,b354e362d5e17de0971d4bf8fe47486b6693dfbf73292d32ddc481303eb7f682
01,r3-100000-Numeric-producer-only,Numeric,100000,producer-only,3,edcea21f0363c19a8d568deecce31a53dda18780,control-complete,1000000,1000000,0,1000000,0,0,0,0,1000000,0,0,72000000,0,1743,97,100000.0879800774,0,0,0,0,0,0,0,72785432,9.999991202,10.000724412,0.00073321,0.0,0.0,0.001889827,10.019291549,10.674796,0,,5633.47,0,100000|100000|100000|100000|100000|100000|100000|100000|100000|100000|0,0|0|0|0|0|0|0|0|0|0|0|0|0|0|0|0|0|0|0|0|0|0|0|0|0|0|0|0|0|0|0|0|0|0|0|0|0|0|0|0|0|0|0|0|0|0|0|0|0|0|0|0|0|0|0|0|0|0|0|0|0,147333120,73236480,0,0,,,,,,2769bbc20946519e934c027246abdc4d9d042879b951a7aa9117b48602952899,f22a998b893b189049c2ee77fbbed7be41bfb129d5f1ded79213e2ad97ce039a,
01,r3-100000-Numeric-sqlite,Numeric,100000,sqlite,3,edcea21f0363c19a8d568deecce31a53dda18780,queue-overload,1000000,1000000,0,860341,139659,0,0,860341,0,0,860341,61944552,0,4096,4021,100000.0811200658,85664.28024345232,85664.28024345232,114888704,27725824,87162880,132900992,17946752,1220081272,9.999991888,10.043170824,0.043178936,2.507724299,0.00366457,2.521621768,12.662113158,16.192754,3361,255.97768521273431,5198.272,94063.609,100000|100000|100000|100000|100000|100000|100000|99999|100001|100000|0,54528|78592|94720|91392|90368|90368|89344|86784|91392|88576|4277|0|0|0|0|0|0|0|0|0|0|0|0|0|0|0|0|0|0|0|0|0|0|0|0|0|0|0|0|0|0|0|0|0|0|0|0|0|0|0|0|0|0|0|0|0|0|0|0|0|0,207032320,131883008,62869504,0,0.025729197,0.061159982,1.314627423,32556.029,f199c2eaeea4164615680954ac245f11137fb5c0dcedeb38da7e14cf963d0e9b,3bdb94282dfdc770edb73e47e3db225fdb702f23d6744d260b15c0d9db368745,4042836f8bf78c190915fc444c0e149d655b250bda2ca34a1eaf99593fc89ab2,29f7f4566a8d8968f968786484abd6c8d8bee2b12e2d249739728a8d0d1554cc
01,r3-100000-RepeatedStacks-producer-only,RepeatedStacks,100000,producer-only,3,edcea21f0363c19a8d568deecce31a53dda18780,control-complete,1000000,1000000,0,1000000,0,0,0,0,1000000,0,0,72000000,26002,1738,88,100000.07414005497,0,0,0,0,0,0,0,73704184,9.999992586,10.000794098,0.000801512,0.0,0.0,0.000924214,10.018401135,10.723288,0,,5365.572,0,100000|100000|100000|100000|100000|100000|100000|100000|100000|100000|0,0|0|0|0|0|0|0|0|0|0|0|0|0|0|0|0|0|0|0|0|0|0|0|0|0|0|0|0|0|0|0|0|0|0|0|0|0|0|0|0|0|0|0|0|0|0|0|0|0|0|0|0|0|0|0|0|0|0|0|0|0,147968000,73662464,0,0,,,,,,95ea64da621864ee4ba90a0e8d5bbcb3f14f9cda7fc6127f00f179eb3f58bfb2,ff14f574ae2e4f2ae9a566bf49db7895776d536d053fde25db1085e9409b5012,
01,r3-100000-RepeatedStacks-sqlite,RepeatedStacks,100000,sqlite,3,edcea21f0363c19a8d568deecce31a53dda18780,queue-overload,1000000,1000000,0,855313,144687,0,0,855313,0,0,856337,61582536,26002,4096,3857,100000.08606007406,85077.34908760856,85179.20560734544,114057216,27521024,86536192,131941784,17819032,1213038632,9.999991394,10.053357435,0.053366041,2.591119047,0.003419447,2.602634207,12.77477467,16.109652,3342,255.92848593656493,5056.269,105005.339,100000|99999|100001|100000|100000|100000|100000|100000|100000|100000|0,52992|90368|93184|91648|91392|84224|84736|87040|87296|88320|4113|0|0|0|0|0|0|0|0|0|0|0|0|0|0|0|0|0|0|0|0|0|0|0|0|0|0|0|0|0|0|0|0|0|0|0|0|0|0|0|0|0|0|0|0|0|0|0|0|0|0,206786560,131428352,63012864,0,0.025098348,0.058872416,1.318108056,31103.931,0bdc7a5fd661846dcfe5da12c4d178ac997f44b848d0a54a53745a3106700ba4,bb37aa737ceccf5fe4ca6ac6867b691c807f0664695bc1d84ea32540364b8db8,8ff4120dec676eac78711203ee9704c528e5a4195b7d54e69b7aba46a9ed1931,ef7a49e9289e6d6adea46ecc189134ecfb06f90edabe2e72a43bf7f339fec4f4
01,r3-100000-NovelStacks-producer-only,NovelStacks,100000,producer-only,3,edcea21f0363c19a8d568deecce31a53dda18780,dictionary-cap,1000000,1000000,0,1000000,0,983616,0,0,16384,0,0,1179648,3462298,1730,79,100000.08439007122,0,0,0,0,0,0,0,530607496,9.999991561,10.000684472,0.000692911,0.0,0.0,0.036380208,10.053455612,10.833132,0,,5703.079,0,100000|100000|100000|100000|100000|100000|100000|100000|99998|100002|0,0|0|0|0|0|0|0|0|0|0|0|0|0|0|0|0|0|0|0|0|0|0|0|0|0|0|0|0|0|0|0|0|0|0|0|0|0|0|0|0|0|0|0|0|0|0|0|0|0|0|0|0|0|0|0|0|0|0|0|0|0,153550848,79327232,0,0,,,,,,e33a4231a0f1f85d9ebc7e986b4cdf309bae35c4c5479f3fe72e7eae9ffa68e0,daac106f888475fedaa730ee9a1350fdfd7264cdb903104f10b8a6e0b632e296,
01,r3-100000-NovelStacks-sqlite,NovelStacks,100000,sqlite,3,edcea21f0363c19a8d568deecce31a53dda18780,queue-overload,1000000,1000000,0,10402,989598,0,0,10402,0,0,93618,748944,2227634,4096,4096,100000.05887003466,564.0464387553734,5076.417948798361,3829760,2846720,983040,4856656,1194832,267764856,9.999994113,18.441743951,8.441749838,0.042500121,0.00342165,0.076063411,18.628959211,12.668021,8872,1.1724526600541028,5326.789,8515598.603,100000|100000|100000|100000|100000|100000|100000|100000|100000|100000|0,1921|471|483|437|500|521|488|483|519|483|465|473|470|525|483|493|527|448|212|0|0|0|0|0|0|0|0|0|0|0|0|0|0|0|0|0|0|0|0|0|0|0|0|0|0|0|0|0|0|0|0|0|0|0|0|0|0|0|0|0|0,164659200,89706496,71745536,0,0.022742132,0.037010841,0.116194297,11893.174,a5752c59f24060a8e037fd0594cd99c08f60bcfc032165c6feb07bceba39096a,dc81e461ad99e8423ac86010a409610be32096878d2369cd1232abe63b406d09,19021a25adff625ef5a498dee527ddd2a7ec04cffd43eb56eb9f4466f6a36297,05a464b41ba4762f31535c5339adb328a84d48c361d189b363bd3be2830d349f
01,r3-100000-Activity-producer-only,Activity,100000,producer-only,3,edcea21f0363c19a8d568deecce31a53dda18780,logical-cap,1000000,1000000,0,1000000,0,0,259829,0,740171,0,0,100663256,0,1598,21,100000.07231005229,0,0,0,0,0,0,0,72785280,9.999992769,10.000902182,0.000909413,0.0,0.0,0.001852026,10.019703256,10.92529,0,,5548.881,0,100000|100000|100000|100000|100000|100000|100000|100000|100000|100000|0,0|0|0|0|0|0|0|0|0|0|0|0|0|0|0|0|0|0|0|0|0|0|0|0|0|0|0|0|0|0|0|0|0|0|0|0|0|0|0|0|0|0|0|0|0|0|0|0|0|0|0|0|0|0|0|0|0|0|0|0|0,147714048,73564160,0,0,,,,,,698a4c928d73cae265dac94bad35ee9913e0f3bb8157c5ab85143e6d51b9ffd3,fffc23a8a21a7f35c166c2f661b058ddb8150ad09098161c5180316df7188e80,
01,r3-100000-Activity-sqlite,Activity,100000,sqlite,3,edcea21f0363c19a8d568deecce31a53dda18780,queue-overload,1000000,1000000,0,11344,988656,0,0,11344,0,0,56720,1542784,0,4096,4096,100000.07770006037,644.3146712440669,3221.573356220334,2768896,1708032,1060864,3459368,1100072,234375088,9.99999223,17.606304041,7.606311811,0.036933334,0.003585052,0.045327556,17.757959425,12.347605,8794,1.2899704343870821,4968.571,8700726.465,100000|100000|100000|100000|100000|100000|100000|100000|100000|100000|0,2996|452|469|495|462|490|473|469|468|473|486|470|557|578|559|549|561|337|0|0|0|0|0|0|0|0|0|0|0|0|0|0|0|0|0|0|0|0|0|0|0|0|0|0|0|0|0|0|0|0|0|0|0|0|0|0|0|0|0|0|0,162676736,87199744,61591552,0,0.024478953,0.039774175,0.07464258,12331.779,6e248a2c4d7ef6b0776b45d0f117e2f49668d67dffc91f8cc1c99ef75b4f5c4d,9d815433ff847ae5deccc57d6691274cef2b32836df9a2dc7f2c934092288910,efe91fa012caac8262310fe64f60224cb0e9ff98e08a6d854c228f8cdeb29ddd,3f379737f67729f342604ee1389025e3a5aa288e73990f38bdd59ab349c01342
02,r1-10000-Activity-producer-only,Activity,10000,producer-only,1,e32c45f7777af32937e59bc0268773b33eff1034,control-complete,100000,100000,0,100000,0,0,0,0,100000,0,0,13600000,0,167,7,10000.098795976055,0,0,0,0,0,0,0,7366216,9.999901205,10.001309103,0.001407898,0.0,0.0,0.001596985,10.019188193,10.392519,0,,5264.294,0,10000|10000|10000|10000|10000|10000|10000|10000|10000|10000|0,0|0|0|0|0|0|0|0|0|0|0|0|0|0|0|0|0|0|0|0|0|0|0|0|0|0|0|0|0|0|0|0|0|0|0|0|0|0|0|0|0|0|0|0|0|0|0|0|0|0|0|0|0|0|0|0|0|0|0|0|0,140726272,67006464,0,0,,,,,,d840b459ebba2add5d6bde3d7f426ae93cf963b7b1e3931bff0bfd773da83dd8,edba7a6d2456a936f19d12f092e700096362db7a3a624bf2f75a0fa504aa13f0,
02,r1-10000-Activity-sqlite,Activity,10000,sqlite,1,e32c45f7777af32937e59bc0268773b33eff1034,complete-not-production-approval,100000,100000,0,100000,0,0,0,100000,0,0,500000,13600000,0,259,4,10000.098681973803,9995.403634628963,49977.01817314482,25817088,15896576,9920512,27979928,2130072,365564640,9.999901319,10.004598479,0.00469716,0.285970318,0.000804842,0.291833195,10.393764443,12.133843,391,255.7544757033248,5105.324,44943.254,10000|10000|10000|10000|10000|10000|10000|10000|10000|10000|0,9728|9984|9984|9984|10240|9984|9984|9984|9984|9984|160|0|0|0|0|0|0|0|0|0|0|0|0|0|0|0|0|0|0|0|0|0|0|0|0|0|0|0|0|0|0|0|0|0|0|0|0|0|0|0|0|0|0|0|0|0|0|0|0|0|0,162578432,87322624,62472192,0,0.024149007,0.040651481,0.435619843,14002.76,9274f143e8da89e77a53beb6508075040cbf754aeec3241a8539857182cbcb72,7e74c5557c499d76bb95b5f1edf43e1f4b58c2bb4793e0d5db748a64448df105,22cf6bd70724edcc7530561fceaef9e90ae78fcc41b0095ec346e9bcad14fe17,c55c600e19c6112b826a1ca1da5f403a681cf7bf2405447e8e1c8e05a07d3e58
02,r1-50000-Numeric-producer-only,Numeric,50000,producer-only,1,e32c45f7777af32937e59bc0268773b33eff1034,control-complete,500000,500000,0,500000,0,0,0,0,500000,0,0,36000000,0,885,49,50000.09039016341,0,0,0,0,0,0,0,36426256,9.999981922,10.001738398,0.001756476,0.0,0.0,0.001797685,10.020577761,10.475297,0,,5456.993,0,50000|50000|50000|50000|50000|50000|50000|50000|50000|50000|0,0|0|0|0|0|0|0|0|0|0|0|0|0|0|0|0|0|0|0|0|0|0|0|0|0|0|0|0|0|0|0|0|0|0|0|0|0|0|0|0|0|0|0|0|0|0|0|0|0|0|0|0|0|0|0|0|0|0|0|0|0,150122496,76275712,0,0,,,,,,cd523558ffa4060043c616426528ef481e7e9fa4e12a1b6b7ead181c27b2e1b1,13800cd25a0c9104faabd98368a2e7fc29c04e91a8f55f502d8de0e7894413d9,
02,r1-50000-Numeric-sqlite,Numeric,50000,sqlite,1,e32c45f7777af32937e59bc0268773b33eff1034,complete-not-production-approval,500000,500000,0,500000,0,0,0,500000,0,0,500000,36000000,0,1210,32,50000.084945144314,49979.17097058549,49979.17097058549,66301952,16039936,50262016,76684192,10349472,708857192,9.999983011,10.004167542,0.004184531,1.385432954,0.002415899,1.394661569,11.499723374,13.75442,1954,255.88536335721597,5438.76,29063.876,50000|50000|50000|50000|50000|50000|50000|50000|50000|50000|0,49664|50176|49920|49920|50176|49152|50688|49920|50176|49920|288|0|0|0|0|0|0|0|0|0|0|0|0|0|0|0|0|0|0|0|0|0|0|0|0|0|0|0|0|0|0|0|0|0|0|0|0|0|0|0|0|0|0|0|0|0|0|0|0|0|0,186716160,111362048,62877696,0,0.023595981,0.049944843,0.750712977,23792.872,c6d7c705c4f7dcd9abd483f489b73d120226ee1965b13ebb45ed7b1f2a14ba0d,b92ef00cb086fe281ef4ea5da52949137ccacfc0041647903844b11cdab51cc7,1a69e0d77de0e5075567ee81748768fdd8bc3ec9f36efb01914995c1ecd70859,62d658916c285593349eb52b36ea757b2b65fee089749fa851cac8dcfad26593
02,r1-50000-NovelStacks-producer-only,NovelStacks,50000,producer-only,1,e32c45f7777af32937e59bc0268773b33eff1034,dictionary-cap,500000,500000,0,500000,0,483616,0,0,16384,0,0,1179648,3462298,854,6,50000.081935134265,0,0,0,0,0,0,0,270053120,9.999983613,10.001258235,0.001274622,0.0,0.0,0.027151268,10.045549524,10.561599,0,,5316.663,0,50000|50000|50000|50000|50000|50000|50000|50000|50000|50000|0,0|0|0|0|0|0|0|0|0|0|0|0|0|0|0|0|0|0|0|0|0|0|0|0|0|0|0|0|0|0|0|0|0|0|0|0|0|0|0|0|0|0|0|0|0|0|0|0|0|0|0|0|0|0|0|0|0|0|0|0|0,152850432,78831616,0,0,,,,,,8fb7763f17ff3547111a5d1a6713ce57324b6a57a230c453ff8060dd7a903482,09661f7cbd19324b1a12f5e44a0462d67eb06c9bb9f948ac9f84829e16e9e1f2,
02,r1-50000-NovelStacks-sqlite,NovelStacks,50000,sqlite,1,e32c45f7777af32937e59bc0268773b33eff1034,queue-overload,500000,500000,0,473943,26057,457559,0,16384,0,0,147456,1179648,3476718,4096,16,50000.037930028775,1638.0249433943409,14742.224490549068,5799936,4386816,1413120,6573672,1330792,357030056,9.999992414,10.002289688,0.002297274,0.054685552,0.004575847,0.091821271,10.206691299,11.36365,64,256.0,5435.794,254189.83,50000|50000|50000|50000|50000|50000|50000|50000|50000|50000|0,16384|0|0|0|0|0|0|0|0|0|0|0|0|0|0|0|0|0|0|0|0|0|0|0|0|0|0|0|0|0|0|0|0|0|0|0|0|0|0|0|0|0|0|0|0|0|0|0|0|0|0|0|0|0|0|0|0|0|0|0|0,160010240,84697088,73949184,0,0.024373051,0.037389632,0.16342735,10637.601,829636d2444d1bbcafe9ea17c58cdf66fcf2125623dc3b5578e254ea3107ef59,82584eeb5bd58b809eec8dd6417b611f5b10e376c99a33186d998293bd90e7d6,319204f30140ef7b257788bafa60a504805dcfb613777f6e5bc4955d08c9d1a7,362b7fb795ec9cc1efd3b4206fb335801aed351133ae8a590a625ac7f69e80ce
02,r1-50000-Activity-producer-only,Activity,50000,producer-only,1,e32c45f7777af32937e59bc0268773b33eff1034,control-complete,500000,500000,0,500000,0,0,0,0,500000,0,0,68000000,0,1170,55,50000.09491018016,0,0,0,0,0,0,0,36573992,9.999981018,10.001457293,0.001476275,0.0,0.0,0.001519974,10.018850965,10.68109,0,,6044.684,0,50000|50000|50000|50000|50000|50000|50000|50000|50000|50000|0,0|0|0|0|0|0|0|0|0|0|0|0|0|0|0|0|0|0|0|0|0|0|0|0|0|0|0|0|0|0|0|0|0|0|0|0|0|0|0|0|0|0|0|0|0|0|0|0|0|0|0|0|0|0|0|0|0|0|0|0|0,150646784,76443648,0,0,,,,,,f64d9852de04d76c0c790ea4e0b9f1703eec550eae0544610192e5a5fb23e177,83c414acc9be33ec88d103678e1aa8aa42484f535dc0777d9cfa4ec34a29dbad,
02,r1-50000-Activity-sqlite,Activity,50000,sqlite,1,e32c45f7777af32937e59bc0268773b33eff1034,queue-overload,500000,500000,0,430112,69888,0,0,430112,0,0,2150560,58495232,0,4096,3872,50000.0923851707,42574.10768260389,212870.53841301944,114073600,69939200,44134400,123718360,9611992,1579570136,9.999981523,10.102666231,0.102684708,1.229886808,0.002042899,1.238610131,11.448730673,17.434954,1681,255.86674598453303,5337.408,170039.957,50000|50000|50000|50000|50000|50000|50000|50000|50000|50000|0,27136|38656|44288|45312|45568|45056|44800|45312|45056|44800|4128|0|0|0|0|0|0|0|0|0|0|0|0|0|0|0|0|0|0|0|0|0|0|0|0|0|0|0|0|0|0|0|0|0|0|0|0|0|0|0|0|0|0|0|0|0|0|0|0|0|0,182169600,106950656,63070208,0,0.025199818,0.051060169,1.75744449,23160.22,c00e3becc8f20f504afab82816062d7b0080d2108b1ca2305cfe5c3b0f816427,830cece5dc510edd345282bfc32bb431369be6fd58c8db7ba848798243925eae,663d752d77c08cd2a9d7c53ea80c2afbd682ab973b07e241df4097ee65094cc3,0db2266cf6d26ef695fb8163b9d64f331ca9a41280542dad9b6224c90584e9be
02,r1-100000-Numeric-producer-only,Numeric,100000,producer-only,1,e32c45f7777af32937e59bc0268773b33eff1034,control-complete,1000000,1000000,0,1000000,0,0,0,0,1000000,0,0,72000000,0,1761,36,100000.0700700491,0,0,0,0,0,0,0,72785400,9.999992993,10.000811788,0.000818795,0.0,0.0,0.001655389,10.019767383,10.596321,0,,5681.134,0,100000|99999|100001|99996|100004|100000|99999|100001|100000|100000|0,0|0|0|0|0|0|0|0|0|0|0|0|0|0|0|0|0|0|0|0|0|0|0|0|0|0|0|0|0|0|0|0|0|0|0|0|0|0|0|0|0|0|0|0|0|0|0|0|0|0|0|0|0|0|0|0|0|0|0|0|0,150216704,76214272,0,0,,,,,,9a608af4135a89214dac5fd0084b7ed7c03afec3a71f7dd1b9d70b8cc0d097c4,b6d10584ae2f182335366f29d8a7796904b234d07e2835074303e8824317c52e,
02,r1-100000-Numeric-sqlite,Numeric,100000,sqlite,1,e32c45f7777af32937e59bc0268773b33eff1034,queue-overload,1000000,1000000,0,901933,98067,0,0,901933,0,0,901933,64939176,0,4096,3373,100000.09021008138,89878.81807806742,89878.81807806742,120467456,29069312,91398144,139349064,18816072,1278427224,9.999990979,10.034989548,0.034998569,2.575989259,0.004154146,2.589676043,12.737505499,16.25452,3524,255.94012485811578,5066.465,92098.27,100000|100000|100000|100000|99999|100001|100000|100000|99956|100044|0,57088|83712|87552|93440|96000|94464|96768|97024|96512|95744|3629|0|0|0|0|0|0|0|0|0|0|0|0|0|0|0|0|0|0|0|0|0|0|0|0|0|0|0|0|0|0|0|0|0|0|0|0|0|0|0|0|0|0|0|0|0|0|0|0|0|0,211668992,136601600,62586880,0,0.024090026,0.059243518,1.690973624,32606.7,0af1c0568fcfaf1f683bcb2c617246e9da5455bd9e13e70d77f5fad53f443d4e,9d0ff181854d94fafd32de739f8ef52ec1ec8963f5b969a8fa3a02b10b7afd39,0c372a7a3add67b68454e06d502db2d7c504becacabad7098e981c98b3e1da8d,9d42aac0d47402d03b2ae358e2c82ced8d561f8f9aea41b8c3a38c9ed178300f
02,r1-100000-RepeatedStacks-producer-only,RepeatedStacks,100000,producer-only,1,e32c45f7777af32937e59bc0268773b33eff1034,control-complete,1000000,1000000,0,1000000,0,0,0,0,1000000,0,0,72000000,26002,1577,39,100000.07135005092,0,0,0,0,0,0,0,73704304,9.999992865,10.000876862,0.000883997,0.0,0.0,0.000904297,10.018982691,10.652338,0,,6157.676,0,100000|100000|100000|100000|100000|100000|100000|100000|100000|100000|0,0|0|0|0|0|0|0|0|0|0|0|0|0|0|0|0|0|0|0|0|0|0|0|0|0|0|0|0|0|0|0|0|0|0|0|0|0|0|0|0|0|0|0|0|0|0|0|0|0|0|0|0|0|0|0|0|0|0|0|0|0,150683648,76439552,0,0,,,,,,8066bf11c727d274f28ab80214b057179aa0d6780c594cb32e260ee8f2fde1b5,80454202617b54eefa1c53329e97a358ea1b297fc4411c2bcf1b9e69b4567c3b,
02,r1-100000-RepeatedStacks-sqlite,RepeatedStacks,100000,sqlite,1,e32c45f7777af32937e59bc0268773b33eff1034,queue-overload,1000000,1000000,0,875360,124640,0,0,875360,0,0,876384,63025920,26002,4096,3936,100000.08531007278,87139.26694282814,87241.20284274299,116920320,28217344,88702976,135249848,18263992,1242405016,9.999991469,10.04552862,0.045537151,2.652135976,0.004114005,2.666640536,12.818186427,16.390924,3420,255.953216374269,5286.095,89753.541,100000|100000|99999|100001|100000|99999|100001|100000|100000|100000|0,54784|78336|90880|97024|92928|88832|92672|94208|95232|86528|3936|0|0|0|0|0|0|0|0|0|0|0|0|0|0|0|0|0|0|0|0|0|0|0|0|0|0|0|0|0|0|0|0|0|0|0|0|0|0|0|0|0|0|0|0|0|0|0|0|0|0,211718144,136577024,62828544,0,0.024047432,0.057602271,1.2889145,31232.736,eab479cade4aca8cde502541080b684a523fd60f5be5bde50a10b35dd49fcc7d,e0c8657386728977fcd0793b17d8746a89ac94ce291fccb4d9d341f4edb258b5,6e9bb8df4c25061cc129b1ad903ae55fa87a059d4b14ab7acf0e0b9661e57885,c4ecb6da0b488ee94f5dbf565957fdddcb5c7ecf74a996cb46cbd806256f6522
02,r1-100000-NovelStacks-producer-only,NovelStacks,100000,producer-only,1,e32c45f7777af32937e59bc0268773b33eff1034,dictionary-cap,1000000,1000000,0,1000000,0,983616,0,0,16384,0,0,1179648,3462298,1774,7,100000.09275008603,0,0,0,0,0,0,0,530608328,9.999990725,10.001080802,0.001090077,0.0,0.0,0.035861124,10.053720976,10.742434,0,,5616.104,0,100000|100000|100000|100000|100000|100000|100000|100000|100000|100000|0,0|0|0|0|0|0|0|0|0|0|0|0|0|0|0|0|0|0|0|0|0|0|0|0|0|0|0|0|0|0|0|0|0|0|0|0|0|0|0|0|0|0|0|0|0|0|0|0|0|0|0|0|0|0|0|0|0|0|0|0|0,152256512,78508032,0,0,,,,,,0c58f666b3ec08cd87323f43fa02a9654d0ce6435b8bf80e75c6f41f45f37d89,5aa8ecc4ae6cc4f3922e86f5407171a35bc8f11297a55c04ad029197a6306e51,
02,r1-100000-NovelStacks-sqlite,NovelStacks,100000,sqlite,1,e32c45f7777af32937e59bc0268773b33eff1034,queue-overload,1000000,1000000,0,932957,67043,916573,0,16384,0,0,147456,1179648,3495066,4096,7,100000.09459008947,1638.2282044143562,14744.053839729206,5931008,4468736,1462272,6348152,1289592,596977400,9.999990541,10.001048667,0.001058126,0.053489162,0.00580129,0.090886011,10.196195955,11.450415,64,256.0,4812.353,241968.811,100000|100000|100000|100000|100000|100000|100000|100000|100000|100000|0,16384|0|0|0|0|0|0|0|0|0|0|0|0|0|0|0|0|0|0|0|0|0|0|0|0|0|0|0|0|0|0|0|0|0|0|0|0|0|0|0|0|0|0|0|0|0|0|0|0|0|0|0|0|0|0|0|0|0|0|0|0,160911360,85561344,74891264,0,0.022936428,0.03631802,0.172995377,10840.89,2f530db0da7f392b1bf63b41fccfacc0319ad1f7cab3fac4b1e3466774532dfc,ea318317189d2ac57f00654bf84e168d4ea51489d6a77a7787fbd3383e0b0184,71418aa1b73d93a69ac4410ad89b8a4f910f5021b4a9442bfa727815e59800fb,bb49b963a9371062dd5a3215aa6329e991d2e60d27ba42b518388b7c870cdbb2
02,r1-100000-Activity-producer-only,Activity,100000,producer-only,1,e32c45f7777af32937e59bc0268773b33eff1034,logical-cap,1000000,1000000,0,1000000,0,0,259829,0,740171,0,0,100663256,0,1806,14,100000.08125006601,0,0,0,0,0,0,0,72784488,9.999991875,10.000988006,0.000996131,0.0,0.0,0.001668105,10.019143799,10.814947,0,,5652.207,0,100000|100000|100000|100000|100000|100000|100000|100000|99999|100001|0,0|0|0|0|0|0|0|0|0|0|0|0|0|0|0|0|0|0|0|0|0|0|0|0|0|0|0|0|0|0|0|0|0|0|0|0|0|0|0|0|0|0|0|0|0|0|0|0|0|0|0|0|0|0|0|0|0|0|0|0|0,150167552,76251136,0,0,,,,,,bcf6ea3e3be39b12eae25b841e81295054fd830796ae27dfb9060690bad2bd5f,3b10a1529c54e551b57ae7a4aacb4064ea812bb0619972ed0fa439eb48346905,
02,r1-100000-Activity-sqlite,Activity,100000,sqlite,1,e32c45f7777af32937e59bc0268773b33eff1034,queue-overload,1000000,1000000,0,444928,555072,0,0,444928,0,0,2224640,60510208,0,4096,4096,100000.08831007799,44058.08390433172,220290.41952165856,118464512,72581120,45883392,128583072,10085792,1632063440,9.999991169,10.098668861,0.098677692,1.642246093,0.002141764,1.650014945,11.865397052,17.902789,1738,256.0,6991.261,222584.451,100000|100000|100000|100000|100000|100000|100000|99999|100001|100000|0,24320|44800|45056|47360|46336|47872|45056|45568|47616|46592|4352|0|0|0|0|0|0|0|0|0|0|0|0|0|0|0|0|0|0|0|0|0|0|0|0|0|0|0|0|0|0|0|0|0|0|0|0|0|0|0|0|0|0|0|0|0|0|0|0|0|0,182697984,107397120,62980096,0,0.023639593,0.047275692,1.793010148,21266.068,2a8b421a13a8b2d0ec76163b46316000ca3d3937a778abda2aab2e4833718af4,5388dde3baf19e10df9b209acde64cc74974c218b1952c31b6fe56fe153a8e77,88d944398aeb0ffe0bfa968b7680fd99577c07e31d2314fee82c2b47cee87aa5,e7b51bac89d4207965488d76c8b3d0b0e476b3d8ca3f07e9ed0205705995dbb4
02,r2-10000-Activity-producer-only,Activity,10000,producer-only,2,e32c45f7777af32937e59bc0268773b33eff1034,control-complete,100000,100000,0,100000,0,0,0,0,100000,0,0,13600000,0,169,3,10000.096461930481,0,0,0,0,0,0,0,7361120,9.999903539,10.001061127,0.001157588,0.0,0.0,0.001623263,10.019833548,10.383791,0,,5459.314,0,10000|10000|10000|10000|10000|10000|10000|10000|10000|10000|0,0|0|0|0|0|0|0|0|0|0|0|0|0|0|0|0|0|0|0|0|0|0|0|0|0|0|0|0|0|0|0|0|0|0|0|0|0|0|0|0|0|0|0|0|0|0|0|0|0|0|0|0|0|0|0|0|0|0|0|0|0,140685312,66957312,0,0,,,,,,831813122246772c95ce99a1b1c24bf2c0104e4a30b684d15c01820df75d18fd,e96dd099db961ed242cbd89dab223c675282670c94174a8702ba2b81f6f9fe76,
02,r2-10000-Activity-sqlite,Activity,10000,sqlite,2,e32c45f7777af32937e59bc0268773b33eff1034,complete-not-production-approval,100000,100000,0,100000,0,0,0,100000,0,0,500000,13600000,0,255,9,10000.096526931737,9995.417177189429,49977.08588594715,25817088,15896576,9920512,27979928,2130072,365457336,9.999903474,10.004584924,0.00468145,0.310996606,0.001160332,0.317434662,10.428761281,12.157791,391,255.7544757033248,4844.969,47023.708,10000|10000|10000|10000|10000|10000|10000|10000|10000|10000|0,9728|9984|9984|10240|9984|9984|9984|9984|9984|9984|160|0|0|0|0|0|0|0|0|0|0|0|0|0|0|0|0|0|0|0|0|0|0|0|0|0|0|0|0|0|0|0|0|0|0|0|0|0|0|0|0|0|0|0|0|0|0|0|0|0|0,162938880,87920640,62267392,0,0.025049503,0.041238136,0.435671403,13643.065,59f217f92e21652ce3ce3d4c9570477ac934850fb21666902b113c5f8472d2d1,90a73dfe9101cf9f614e7542c7fcfbeee18f2b5ac38fee27f184b0378790d2b6,81a5d6568be3285698b9c93746166ef47d1fa4a51aa78f7002143ddfd99d9a8f,cccfbc3427850b866599e0df2b8f453283950a5360bc152c8a2a4e6a7d1841ec
02,r2-50000-Numeric-producer-only,Numeric,50000,producer-only,2,e32c45f7777af32937e59bc0268773b33eff1034,control-complete,500000,500000,0,500000,0,0,0,0,500000,0,0,36000000,0,888,40,50000.0859951479,0,0,0,0,0,0,0,36426352,9.999982801,10.001298671,0.00131587,0.0,0.0,0.001734197,10.019406088,10.458149,0,,5571.836,0,50000|50000|50000|50000|50000|50000|50000|50000|50000|50000|0,0|0|0|0|0|0|0|0|0|0|0|0|0|0|0|0|0|0|0|0|0|0|0|0|0|0|0|0|0|0|0|0|0|0|0|0|0|0|0|0|0|0|0|0|0|0|0|0|0|0|0|0|0|0|0|0|0|0|0|0|0,150908928,76742656,0,0,,,,,,368c049d6faba3c74ddfaf7e6c1095514a95b60b006557eb4eacb49d88a5943a,ef02c3f8493967abb46f369c163700f220209ed5273184098cf4063bd14258f2,
02,r2-50000-Numeric-sqlite,Numeric,50000,sqlite,2,e32c45f7777af32937e59bc0268773b33eff1034,complete-not-production-approval,500000,500000,0,500000,0,0,0,500000,0,0,500000,36000000,0,1045,32,50000.09349517483,49978.35424982852,49978.35424982852,66301952,16039936,50262016,76684192,10349472,709017064,9.999981301,10.004331025,0.004349724,1.593083887,0.002982027,1.60341124,11.712754009,13.976398,1954,255.88536335721597,5178.466,25824.817,50000|50000|50000|50000|50000|50000|50000|50000|50000|50000|0,49408|50176|50176|49664|50176|50176|49920|50176|49920|49920|288|0|0|0|0|0|0|0|0|0|0|0|0|0|0|0|0|0|0|0|0|0|0|0|0|0|0|0|0|0|0|0|0|0|0|0|0|0|0|0|0|0|0|0|0|0|0|0|0|0|0,186814464,111525888,63086592,0,0.023533568,0.049565547,0.785525311,23494.55,79d7ca9a8968b05d11578c5bd3a53f38a2aef1183f8e157e60ad8f90274cedc6,cceeeea5fa6e3ac50b27b07ceb3925354594780d3013ea870c26a45737faf951,fc608a8b36975b340eb94c85edcdceab8eb9869dd9eed683e3c8e6873bbabe24,ef065fbdd12a1af9c02e21e5a77d54b903fe9b5746c760cb50bc7af39d20cce8
02,r2-50000-NovelStacks-producer-only,NovelStacks,50000,producer-only,2,e32c45f7777af32937e59bc0268773b33eff1034,dictionary-cap,500000,500000,0,500000,0,483616,0,0,16384,0,0,1179648,3462298,782,36,50000.083715140165,0,0,0,0,0,0,0,270053136,9.999983257,10.001283811,0.001300554,0.0,0.0,0.026413237,10.044553054,10.562183,0,,5513.318,0,50000|50000|50000|50000|50000|50000|50000|50000|50000|50000|0,0|0|0|0|0|0|0|0|0|0|0|0|0|0|0|0|0|0|0|0|0|0|0|0|0|0|0|0|0|0|0|0|0|0|0|0|0|0|0|0|0|0|0|0|0|0|0|0|0|0|0|0|0|0|0|0|0|0|0|0|0,152338432,78467072,0,0,,,,,,db8e9c5af3364346dfa23d0a1ca91781376092c852e41063f46fac2cfd16d913,a398ac4d20d6a93a05ab445173624d64a203ab49b9d9503363b43e8759df1de4,
02,r2-50000-NovelStacks-sqlite,NovelStacks,50000,sqlite,2,e32c45f7777af32937e59bc0268773b33eff1034,queue-overload,500000,500000,0,477017,22983,460633,0,16384,0,0,147456,1179648,3474354,4096,35,50000.09283017235,1638.2311760179102,14744.080584161193,5763072,4370432,1392640,6512040,1297832,358524608,9.999981434,10.001030526,0.001049092,0.050837888,0.004810407,0.087264653,10.19536818,11.324148,64,256.0,5022.934,235470.016,50000|50000|50000|50000|50000|50000|50000|50000|50000|50000|0,16384|0|0|0|0|0|0|0|0|0|0|0|0|0|0|0|0|0|0|0|0|0|0|0|0|0|0|0|0|0|0|0|0|0|0|0|0|0|0|0|0|0|0|0|0|0|0|0|0|0|0|0|0|0|0|0|0|0|0|0|0,160538624,85274624,74412032,0,0.023767663,0.037026304,0.164195054,10591.914,9473c6ab7d4c1bebeaf437c7b8b95d0a50157839a14390ad8deb11c19ea1ea29,4079fc08866e42923f1373062eb9914ea3f1788a895909fcd81cfe439c8e641b,b02b41ccf60764546e0f9e2a44269b440ebfa58b9c5e0c1b972da186e8377c10,80a03581c6ab6ba59ea3ed2a22670f78f87953f80cad50c38f119e8bb909ccdf
02,r2-50000-Activity-producer-only,Activity,50000,producer-only,2,e32c45f7777af32937e59bc0268773b33eff1034,control-complete,500000,500000,0,500000,0,0,0,0,500000,0,0,68000000,0,826,41,50000.07657511727,0,0,0,0,0,0,0,36426560,9.999984685,10.001501391,0.001516706,0.0,0.0,0.001447188,10.018805904,10.680215,0,,5249.945,0,50000|50000|50000|50000|50000|50000|50000|50000|50000|50000|0,0|0|0|0|0|0|0|0|0|0|0|0|0|0|0|0|0|0|0|0|0|0|0|0|0|0|0|0|0|0|0|0|0|0|0|0|0|0|0|0|0|0|0|0|0|0|0|0|0|0|0|0|0|0|0|0|0|0|0|0|0,150110208,76218368,0,0,,,,,,b462419651539e17edc806bddc43882e668417fba3576b8a331d5012939dcf40,adef4bb06d2ebe692fe0eba3996b75b4930867bb9a967e28a66098f23f854d56,
02,r2-50000-Activity-sqlite,Activity,50000,sqlite,2,e32c45f7777af32937e59bc0268773b33eff1034,queue-overload,500000,500000,0,444369,55631,0,0,444369,0,0,2221845,60434184,0,4096,3793,50000.05480506007,44054.98189473132,220274.90947365662,117837824,72253440,45584384,127799824,9929232,1632684152,9.999989039,10.086691241,0.086702202,1.318991769,0.002585234,1.328403669,11.507529498,17.77549,1736,255.9729262672811,7264.551,167789.321,50000|50000|50000|50000|50000|50000|50000|50000|50000|50000|0,27136|42240|43264|47104|47104|46592|46080|46336|47616|46848|4049|0|0|0|0|0|0|0|0|0|0|0|0|0|0|0|0|0|0|0|0|0|0|0|0|0|0|0|0|0|0|0|0|0|0|0|0|0|0|0|0|0|0|0|0|0|0|0|0|0|0,183857152,108388352,63246336,0,0.023969467,0.047851841,1.766603602,21428.43,3927d40fdce6e3c3c835be742be6176cbca63d058002daa0b5e456e591ee2469,2a804980039bd516eb21a08dee31875e74ad40177c3ae54fd7d20a440f782f32,1cf89477c751d9ce3e9a5759413448ed6d6a0e62bcf7ad23569fcd0acfcc6a8c,094bf50f7c8aa7d42b58368fbac11f983b6abb9414fb263f86b1b1adb27c275c
02,r2-100000-Numeric-producer-only,Numeric,100000,producer-only,2,e32c45f7777af32937e59bc0268773b33eff1034,control-complete,1000000,1000000,0,1000000,0,0,0,0,1000000,0,0,72000000,0,4075,75,100000.07894006232,0,0,0,0,0,0,0,73080488,9.999992106,10.001012306,0.0010202,0.0,0.0,0.0020409,10.019955243,10.615406,0,,5392.534,0,100000|100000|100000|100000|100000|100000|100000|100000|100000|100000|0,0|0|0|0|0|0|0|0|0|0|0|0|0|0|0|0|0|0|0|0|0|0|0|0|0|0|0|0|0|0|0|0|0|0|0|0|0|0|0|0|0|0|0|0|0|0|0|0|0|0|0|0|0|0|0|0|0|0|0|0|0,150233088,76247040,0,0,,,,,,bab2b942f9899433dc35b195ace01ee07f803b3c8b0d41968657f71d7efa6e0d,0ed545c3a68308c9988202aac4b1b8ce4d17501ecf879d462af3a4e36244010a,
02,r2-100000-Numeric-sqlite,Numeric,100000,sqlite,2,e32c45f7777af32937e59bc0268773b33eff1034,queue-overload,1000000,1000000,0,855456,144544,0,0,855456,0,0,855456,61592832,0,4096,4000,100000.08865007859,85127.59879440306,85127.59879440306,114184192,27549696,86634496,132085240,17835512,1211758408,9.999991135,10.049102901,0.049111766,3.561276647,0.004468569,3.574406406,13.730585956,17.053879,3342,255.97127468581687,5390.951,103651.724,100000|100000|100000|99999|100001|100000|100000|100000|100000|100000|0,54272|83712|91904|88320|82688|85248|89856|92416|90624|92160|4256|0|0|0|0|0|0|0|0|0|0|0|0|0|0|0|0|0|0|0|0|0|0|0|0|0|0|0|0|0|0|0|0|0|0|0|0|0|0|0|0|0|0|0|0|0|0|0|0|0|0,210092032,134692864,63311872,0,0.022938834,0.055705596,1.288141854,30340.162,496b46a24af7354fa36dd6f74dfbb28cf813538014842948cb2edf4486863f94,827932bc430be7ecfd0d8aa51cfa02cf646b2af425b91b4935e1b41e46f5e0da,3d83e78ec71d4ef14286d013e86fab0f9ee99d2c76df5f099b4cbca605fb2c74,a27e6444b5e3032e8e3de6d5b73e4834ea2b46b16cce17a6a5213918174ad8ce
02,r2-100000-RepeatedStacks-producer-only,RepeatedStacks,100000,producer-only,2,e32c45f7777af32937e59bc0268773b33eff1034,control-complete,1000000,1000000,0,1000000,0,0,0,0,1000000,0,0,72000000,26002,1622,28,100000.0886000785,0,0,0,0,0,0,0,73704304,9.99999114,10.000989013,0.000997873,0.0,0.0,0.001006772,10.018832613,10.647794,0,,6240.615,0,100000|100000|100000|100000|100000|100000|100000|100000|100000|100000|0,0|0|0|0|0|0|0|0|0|0|0|0|0|0|0|0|0|0|0|0|0|0|0|0|0|0|0|0|0|0|0|0|0|0|0|0|0|0|0|0|0|0|0|0|0|0|0|0|0|0|0|0|0|0|0|0|0|0|0|0|0,150122496,76152832,0,0,,,,,,a59bdb133d553ba343aedbc14d61c3386c290f80ef665e94aacb00668e84a73a,a67fab34733f469dfea3c0284f80eded610a6e99209aeecfaa988c22bc596ee1,
02,r2-100000-RepeatedStacks-sqlite,RepeatedStacks,100000,sqlite,2,e32c45f7777af32937e59bc0268773b33eff1034,queue-overload,1000000,1000000,0,852099,147901,0,0,852099,0,0,853123,61351128,26002,4096,3971,100000.07435005528,84787.15083352955,84889.04279966674,113717248,27447296,86269952,131544136,17761352,1209798352,9.999992565,10.049860051,0.049867486,2.714280913,0.003964695,2.728056812,12.877002962,16.340612,3329,255.9624511865425,5682.642,91507.564,100000|100000|100000|100000|100000|100000|100000|99999|100001|100000|0,58368|77568|89344|90112|91392|91392|88320|90112|83456|87808|4227|0|0|0|0|0|0|0|0|0|0|0|0|0|0|0|0|0|0|0|0|0|0|0|0|0|0|0|0|0|0|0|0|0|0|0|0|0|0|0|0|0|0|0|0|0|0|0|0|0|0,210251776,135012352,62693376,0,0.024348198,0.057594433,1.260528293,30347.392,7af4f425236a9196b8ecfb97005fd24254bb1dc12912e145eb958546c2d417ce,058e3b84c9f55bcb84c35870eee255c8125cab6717be06b0e34fc68dd0252d8d,eef3376b14a260a0a319e51d6a70ce2d87045718bedc24cd59727cf898dc8a15,2f6a287e2c7b2a52252b28f9a6bf146888fcf70dfba09fa75c38c80db163176a
02,r2-100000-NovelStacks-producer-only,NovelStacks,100000,producer-only,2,e32c45f7777af32937e59bc0268773b33eff1034,dictionary-cap,1000000,1000000,0,1000000,0,983616,0,0,16384,0,0,1179648,3462298,1681,43,100000.09155008382,0,0,0,0,0,0,0,530607520,9.999990845,10.001380422,0.001389577,0.0,0.0,0.034935325,10.053316179,10.727337,0,,5495.462,0,100000|100000|100000|99999|100001|100000|99999|100001|100000|100000|0,0|0|0|0|0|0|0|0|0|0|0|0|0|0|0|0|0|0|0|0|0|0|0|0|0|0|0|0|0|0|0|0|0|0|0|0|0|0|0|0|0|0|0|0|0|0|0|0|0|0|0|0|0|0|0|0|0|0|0|0|0,152752128,78761984,0,0,,,,,,c5809704b597482e22e4d0aa1a28ba05aa54238c39db6cfe8766e84fde3fef0b,197af47aa99d4733b33292dca958a6388fe5656a037f1e16e8ceb8b3a38880e1,
02,r2-100000-NovelStacks-sqlite,NovelStacks,100000,sqlite,2,e32c45f7777af32937e59bc0268773b33eff1034,queue-overload,1000000,1000000,0,932666,67334,916282,0,16384,0,0,147456,1179648,3495066,4096,81,100000.06612004372,1638.277591666389,14744.498324997503,5931008,4468736,1462272,6348152,1289592,596828792,9.999993388,10.000747177,0.000753789,0.053573258,0.005448124,0.090574846,10.194632227,11.437437,64,256.0,5417.173,241686.025,100000|100000|100000|100000|100000|100000|100000|100000|100000|100000|0,16384|0|0|0|0|0|0|0|0|0|0|0|0|0|0|0|0|0|0|0|0|0|0|0|0|0|0|0|0|0|0|0|0|0|0|0|0|0|0|0|0|0|0|0|0|0|0|0|0|0|0|0|0|0|0|0|0|0|0|0|0,160677888,85295104,74874880,0,0.022967936,0.036259741,0.174969328,11010.232,04a73fb5753f3f407f6bf51789888916d02138bbfb37c9d3baf51c7ba311a170,89bd133ff00fab062faa04e0b2f971fc7b7acf56a5604a5f41ae63915bd4ecea,997e11a88b0b048ffa082f89dacefe07bb832cb245dc22e7bb5c94948dfe1490,235d5178bd5de0ef2415daf48b0804fd1f5e5eae68d9b7e1fbf5a0ae3ed485b6
02,r2-100000-Activity-producer-only,Activity,100000,producer-only,2,e32c45f7777af32937e59bc0268773b33eff1034,logical-cap,1000000,1000000,0,1000000,0,0,259829,0,740171,0,0,100663256,0,1634,9,100000.07863006182,0,0,0,0,0,0,0,72784488,9.999992137,10.001027403,0.001035266,0.0,0.0,0.00187932,10.019206642,10.823159,0,,5501.517,0,100000|100000|100000|100000|100000|100000|100000|100000|100000|100000|0,0|0|0|0|0|0|0|0|0|0|0|0|0|0|0|0|0|0|0|0|0|0|0|0|0|0|0|0|0|0|0|0|0|0|0|0|0|0|0|0|0|0|0|0|0|0|0|0|0|0|0|0|0|0|0|0|0|0|0|0|0,150564864,76410880,0,0,,,,,,4e738249291de5d2157c915fe68856250b3532cf896c496c481003e73d7a5116,820d43fc6ddd0eab9574464f73e85d749c4cfd5424d5747d31644d2b3acee589,
02,r2-100000-Activity-sqlite,Activity,100000,sqlite,2,e32c45f7777af32937e59bc0268773b33eff1034,queue-overload,1000000,1000000,0,427264,572736,0,0,427264,0,0,2136320,58107904,0,4096,4096,100000.07769006035,42273.2089892908,211366.044946454,113684480,69664768,44019712,123395160,9677912,1569100792,9.999992231,10.107205254,0.107213023,1.758582186,0.002623983,1.766606831,11.975300145,18.011683,1669,256.0,4847.064,186348.023,100000|100000|100000|100000|100000|100000|100000|100000|100000|100000|0,25856|41984|43776|45568|46848|44288|44288|44544|41472|44288|4352|0|0|0|0|0|0|0|0|0|0|0|0|0|0|0|0|0|0|0|0|0|0|0|0|0|0|0|0|0|0|0|0|0|0|0|0|0|0|0|0|0|0|0|0|0|0|0|0|0|0,182206464,106889216,63414272,0,0.025945714,0.052169526,1.746051703,22898.736,421c0b18783466c0b7a137d6e9e412d9c1ce534ba61b2b7c1b91178caa59e004,b14943e055659b685c0c4ebbd642fc535fa138caf5f1f0b8a6d2a99e978cbeb5,d7b7366b657af92613f6259edc1f72595a0728e825c6bdbe1ccb35ba7e3a240a,77ca0bb04a39319fabf8411d26c2ae19555834c0c57d73b4712b04121d770ecc
02,r3-10000-Activity-producer-only,Activity,10000,producer-only,3,e32c45f7777af32937e59bc0268773b33eff1034,control-complete,100000,100000,0,100000,0,0,0,0,100000,0,0,13600000,0,163,7,10000.096376928843,0,0,0,0,0,0,0,7368336,9.999903624,10.001045423,0.001141799,0.0,0.0,0.001549798,10.01891732,10.392146,0,,7295.846,0,10000|10000|10000|10000|10000|10000|10000|10000|10000|10000|0,0|0|0|0|0|0|0|0|0|0|0|0|0|0|0|0|0|0|0|0|0|0|0|0|0|0|0|0|0|0|0|0|0|0|0|0|0|0|0|0|0|0|0|0|0|0|0|0|0|0|0|0|0|0|0|0|0|0|0|0|0,141176832,67354624,0,0,,,,,,599cce93da95d09d9e0b1bdca6ffb861624571c41dbb73a5acd7a1e7a2be499c,21fc3aff2196d81ac79ee83d892de106600aafea18b8b2d8aed05932321724e1,
02,r3-10000-Activity-sqlite,Activity,10000,sqlite,3,e32c45f7777af32937e59bc0268773b33eff1034,complete-not-production-approval,100000,100000,0,100000,0,0,0,100000,0,0,500000,13600000,0,259,9,10000.098536970943,9995.825479390014,49979.12739695007,25817088,15896576,9920512,27979928,2130072,365517008,9.999901464,10.004176264,0.0042748,0.305612978,0.0012038,0.312046978,10.413376433,12.15457,391,255.7544757033248,5099.894,43261.035,10000|10000|10000|10000|10000|10000|10000|10000|10000|10000|0,9728|9984|9984|9984|10240|9984|9984|9984|9984|9984|160|0|0|0|0|0|0|0|0|0|0|0|0|0|0|0|0|0|0|0|0|0|0|0|0|0|0|0|0|0|0|0|0|0|0|0|0|0|0|0|0|0|0|0|0|0|0|0|0|0|0,162504704,87269376,62271488,0,0.023628698,0.041385096,0.42527865,15351.699,7201ee9cc8ecc74f48e28f1298dec166e37036087a534f332f03941a987577cd,0ac6b0251db930d383bc396161bc4ec54dd36cb13a3358e781815808e36b4b2e,8077fb8aefd31957d63f6dfb57c11b6a12b99f2db1b581c14109fea49222bca1,f1af665f9a67b9ea21ad36b33337b74c4fc6697dc81e366f3b64207401662eb2
02,r3-50000-Numeric-producer-only,Numeric,50000,producer-only,3,e32c45f7777af32937e59bc0268773b33eff1034,control-complete,500000,500000,0,500000,0,0,0,0,500000,0,0,36000000,0,999,52,50000.083650139946,0,0,0,0,0,0,0,36426400,9.99998327,10.002327611,0.002344341,0.0,0.0,0.002386379,10.021387815,10.479243,0,,4996.698,0,50000|50000|50000|50000|50000|50000|50000|50000|50000|50000|0,0|0|0|0|0|0|0|0|0|0|0|0|0|0|0|0|0|0|0|0|0|0|0|0|0|0|0|0|0|0|0|0|0|0|0|0|0|0|0|0|0|0|0|0|0|0|0|0|0|0|0|0|0|0|0|0|0|0|0|0|0,150368256,76300288,0,0,,,,,,b1a5bd8af953912abb9f5f1493198bdde0d698338b991a46ca0f4db66eb3a813,2a9333c241a1fea124acc943457fc117aad02fdb5e5aad353de325cc6eb0f840,
02,r3-50000-Numeric-sqlite,Numeric,50000,sqlite,3,e32c45f7777af32937e59bc0268773b33eff1034,complete-not-production-approval,500000,500000,0,500000,0,0,0,500000,0,0,500000,36000000,0,1250,32,50000.08737015267,49978.65917750346,49978.65917750346,66301952,16039936,50262016,76684192,10349472,709915384,9.999982526,10.004269987,0.004287461,1.568177672,0.003008364,1.579554676,11.680353841,14.084451,1954,255.88536335721597,7192.786,29952.407,50000|50000|50000|50000|50000|50000|50000|50000|50000|50000|0,49664|50176|49920|49920|49920|50176|49920|49920|49408|50688|288|0|0|0|0|0|0|0|0|0|0|0|0|0|0|0|0|0|0|0|0|0|0|0|0|0|0|0|0|0|0|0|0|0|0|0|0|0|0|0|0|0|0|0|0|0|0|0|0|0|0,186695680,111562752,62525440,0,0.024245437,0.049929109,0.797396028,23259.428,c5164ffee39dfc0069bedaf5065330c7a74ee6c7223b1f669a81fa8417c6c047,70a35cc45ac5b4e745abe4494ef593ce00d3a34b118aa29c8f5ba9b14e102c09,2edc31a0e5e5a8c4b3533bf6dc814519a5b11d1227806d2707c80d01a933d036,260ba8b9ab77853c6518c741b3c6470ba3edc200aab2e949d069bb706febfb65
02,r3-50000-NovelStacks-producer-only,NovelStacks,50000,producer-only,3,e32c45f7777af32937e59bc0268773b33eff1034,dictionary-cap,500000,500000,0,500000,0,483616,0,0,16384,0,0,1179648,3462298,845,51,50000.0928451724,0,0,0,0,0,0,0,270053120,9.999981431,10.001447056,0.001465625,0.0,0.0,0.026864106,10.044782808,10.585091,0,,5215.606,0,50000|50000|50000|50000|50000|50000|50000|50000|50000|50000|0,0|0|0|0|0|0|0|0|0|0|0|0|0|0|0|0|0|0|0|0|0|0|0|0|0|0|0|0|0|0|0|0|0|0|0|0|0|0|0|0|0|0|0|0|0|0|0|0|0|0|0|0|0|0|0|0|0|0|0|0|0,152498176,78815232,0,0,,,,,,ca6fb05dd623d8de543ef388b14bd11c5126ed3bbaae828d09f6a2e2b8c06216,4ed20570d057df36bfad5b2e280f5b0a2f9b3ebf6f4e49abd1b7490b63d72183,
02,r3-50000-NovelStacks-sqlite,NovelStacks,50000,sqlite,3,e32c45f7777af32937e59bc0268773b33eff1034,queue-overload,500000,500000,0,473186,26814,456802,0,16384,0,0,147456,1179648,3477658,4096,39,50000.095395182005,1638.2283598659258,14744.055238793333,5791744,4378624,1413120,6549000,1314312,356680360,9.999980921,10.001047718,0.001066797,0.05082651,0.006432163,0.087987843,10.188903911,11.372615,64,256.0,6688.424,269263.846,50000|50000|50000|50000|50000|50000|50000|50000|50000|50000|0,16384|0|0|0|0|0|0|0|0|0|0|0|0|0|0|0|0|0|0|0|0|0|0|0|0|0|0|0|0|0|0|0|0|0|0|0|0|0|0|0|0|0|0|0|0|0|0|0|0|0|0|0|0|0|0|0|0|0|0|0|0,159821824,84398080,74485760,0,0.02322602,0.03705622,0.172131736,11457.734,47dc93b5ec83560e0b435edebee7f882a38871a460e6e32b7927c76a3c8cf9b1,92d02de77218132db930d4d8a27163029596b152b93829a23e470b2284d7237a,ab2865ec44d1d624803ab86698d227a79087dd468410aa9ae1cd391fc4a4d392,f00bd6c3f38e10b987ef55da5638a84a17df525995821682084bf9e7ccfad8f4
02,r3-50000-Activity-producer-only,Activity,50000,producer-only,3,e32c45f7777af32937e59bc0268773b33eff1034,control-complete,500000,500000,0,500000,0,0,0,0,500000,0,0,68000000,0,882,9,50000.08656514987,0,0,0,0,0,0,0,36426432,9.999982687,10.00165584,0.001673153,0.0,0.0,0.001457746,10.01874904,10.674306,0,,5422.132,0,50000|50000|50000|50000|50000|50000|50000|50000|50000|50000|0,0|0|0|0|0|0|0|0|0|0|0|0|0|0|0|0|0|0|0|0|0|0|0|0|0|0|0|0|0|0|0|0|0|0|0|0|0|0|0|0|0|0|0|0|0|0|0|0|0|0|0|0|0|0|0|0|0|0|0|0|0,150482944,76345344,0,0,,,,,,f886fa04c015c4bf77de9521b7206ef69de4e8ef90cf75ab370c5eb5c740c018,43f6f93cbea1a295270aafb189f14373a11bfc3d2d6f32ddce60494e06876d98,
02,r3-50000-Activity-sqlite,Activity,50000,sqlite,3,e32c45f7777af32937e59bc0268773b33eff1034,queue-overload,500000,500000,0,428022,71978,0,0,428022,0,0,2140110,58210992,0,4096,3830,50000.08591014761,42419.5626535598,212097.813267799,113512448,69599232,43913216,123107768,9562552,1572604080,9.999982818,10.090203039,0.090220221,1.652086634,0.002747917,1.661786828,11.863285976,17.895155,1672,255.994019138756,5897.985,184440.319,50000|50000|50000|50000|50000|50000|50000|50000|50000|50000|0,27392|37632|44288|45824|44544|45056|45056|46592|43776|43776|4086|0|0|0|0|0|0|0|0|0|0|0|0|0|0|0|0|0|0|0|0|0|0|0|0|0|0|0|0|0|0|0|0|0|0|0|0|0|0|0|0|0|0|0|0|0|0|0|0|0|0,181874688,106659840,62656512,0,0.034154502,0.075086413,1.786010118,37660.286,3a40d12acb2346f54185ab82fa8ba6e589a205f7b04c9d3170f073b69ba7aa10,22b0e9fbe0a05b71e23c9c44f6ed5deddd18707aa103b3d31b4a5ed9ad5c5ef8,ca4ee8f243e80f1ee3599aae7542048939fc5a89d0fc03433f7e18597ae1b42a,eca6e12ff370814c46c9fe5785e1fa298f4fb78e12f65b515abed94bf9128030
02,r3-100000-Numeric-producer-only,Numeric,100000,producer-only,3,e32c45f7777af32937e59bc0268773b33eff1034,control-complete,1000000,1000000,0,1000000,0,0,0,0,1000000,0,0,72000000,0,2897,110,100000.06405004102,0,0,0,0,0,0,0,73088240,9.999993595,10.001003111,0.001009516,0.0,0.0,0.001975941,10.020372212,10.618743,0,,8188.568,0,100000|100000|100000|100000|100000|100000|100000|100000|100000|100000|0,0|0|0|0|0|0|0|0|0|0|0|0|0|0|0|0|0|0|0|0|0|0|0|0|0|0|0|0|0|0|0|0|0|0|0|0|0|0|0|0|0|0|0|0|0|0|0|0|0|0|0|0|0|0|0|0|0|0|0|0|0,150151168,76169216,0,0,,,,,,21a6492a4e23ecfac58f59a44c052fab92175faaaa248b42095057602a9ef799,163030164091545e9f57a6582835db920bbbebb31d42ca80a0564943fee14640,
02,r3-100000-Numeric-sqlite,Numeric,100000,sqlite,3,e32c45f7777af32937e59bc0268773b33eff1034,queue-overload,1000000,1000000,0,848011,151989,0,0,848011,0,0,848011,61056792,0,4096,3979,100000.0170200029,84463.4346234119,84463.4346234119,113078272,27283456,85794816,130806280,17662472,1201782784,9.999998298,10.039977699,0.039979401,3.162575615,0.004128308,3.178814656,13.32895734,16.651285,3313,255.96468457591308,5191.433,97030.849,100000|100000|100000|99999|100001|100000|100000|100000|100000|100000|0,57344|83968|88064|88832|88064|88832|87552|87552|86016|87552|4235|0|0|0|0|0|0|0|0|0|0|0|0|0|0|0|0|0|0|0|0|0|0|0|0|0|0|0|0|0|0|0|0|0|0|0|0|0|0|0|0|0|0|0|0|0|0|0|0|0|0,205869056,130748416,62783488,0,0.023755306,0.057577231,1.389987109,31337.591,29556b2356162d06f9bab1d8a86b927c4cbd1135522306b5ba07f42f5254dab2,815923e4b65987275ba4f0bf66a1a1df614bf6d0e61772ec24ad20a321376238,2bc3b42d6ba76384d0c622be92c948e8e6dd5e79e3ef9e91dfbc408e6d4ca9e5,5eac8ce48270dba34bbe323a08e50da827ae3c35cfadec71248cf67d9848b5d6
02,r3-100000-RepeatedStacks-producer-only,RepeatedStacks,100000,producer-only,3,e32c45f7777af32937e59bc0268773b33eff1034,control-complete,1000000,1000000,0,1000000,0,0,0,0,1000000,0,0,72000000,26002,1833,95,100000.07462005568,0,0,0,0,0,0,0,73704304,9.999992538,10.000750837,0.000758299,0.0,0.0,0.000982458,10.01947958,10.637704,0,,5601.254,0,100000|99999|100001|100000|100000|100000|100000|100000|100000|100000|0,0|0|0|0|0|0|0|0|0|0|0|0|0|0|0|0|0|0|0|0|0|0|0|0|0|0|0|0|0|0|0|0|0|0|0|0|0|0|0|0|0|0|0|0|0|0|0|0|0|0|0|0|0|0|0|0|0|0|0|0|0,150323200,76095488,0,0,,,,,,82b2c453153ce5b0c3bbe5060f0a8f6ab2a8b2323569fa3b53bc6bca9450c9f0,beeb47cfdf4396d5b512c49a28518bc78aff8a1f8c9bf972cf1b8318428c1a38,
02,r3-100000-RepeatedStacks-sqlite,RepeatedStacks,100000,sqlite,3,e32c45f7777af32937e59bc0268773b33eff1034,queue-overload,1000000,1000000,0,869536,130464,0,0,869536,0,0,870560,62606592,26002,4096,3744,100000.08073006518,86540.6565970599,86642.57029856897,115859456,27947008,87912448,134028304,18103312,1234079224,9.999991927,10.047716694,0.047724767,2.945015529,0.004022946,2.960329991,13.117117511,16.582863,3397,255.97173977038562,5151.438,97702.922,100000|100000|100000|100000|100000|100000|100000|100000|100000|100000|0,63744|90368|90368|89088|91648|93696|94720|77312|84480|90112|4000|0|0|0|0|0|0|0|0|0|0|0|0|0|0|0|0|0|0|0|0|0|0|0|0|0|0|0|0|0|0|0|0|0|0|0|0|0|0|0|0|0|0|0|0|0|0|0|0|0|0,211222528,135946240,63221760,0,0.024310161,0.060337791,1.281175162,33294.57,3eaf274c735508976ca3eae9a9afe3dae6a73686b54b16baef38803ef0ab7ac4,719ab073e9903522e311881d65019575fc0e5bd95850c7b1754938b2f2f0599b,892318d371ceb51f4e077d72bff1f59871bc41c871876c8a2414eeff79868b22,527dea7f7307d6ada0e085af1f8b15660e77b697bf10c3a8786041cf4a50ccfa
02,r3-100000-NovelStacks-producer-only,NovelStacks,100000,producer-only,3,e32c45f7777af32937e59bc0268773b33eff1034,dictionary-cap,1000000,1000000,0,1000000,0,983616,0,0,16384,0,0,1179648,3462298,2718,56,100000.07016004922,0,0,0,0,0,0,0,530902552,9.999992984,10.001761084,0.0017681,0.0,0.0,0.034646519,10.053891714,10.723487,0,,5709.139,0,99999|100001|100000|100000|100000|100000|100000|99999|100000|100001|0,0|0|0|0|0|0|0|0|0|0|0|0|0|0|0|0|0|0|0|0|0|0|0|0|0|0|0|0|0|0|0|0|0|0|0|0|0|0|0|0|0|0|0|0|0|0|0|0|0|0|0|0|0|0|0|0|0|0|0|0|0,152530944,78540800,0,0,,,,,,ab2cfdb8f047a3d46eb94048d7ec614f320f40901fed554da7429c616d46d402,c2d5bc041d92de0597110bec90afd4f43b812c4714a89f30e64088a167e1cb7e,
02,r3-100000-NovelStacks-sqlite,NovelStacks,100000,sqlite,3,e32c45f7777af32937e59bc0268773b33eff1034,queue-overload,1000000,1000000,0,925904,74096,909520,0,16384,0,0,147456,1179648,3496090,4096,41,100000.06401004098,1638.27427031347,14744.46843282123,5951488,4472832,1478656,6364560,1293712,593339696,9.999993599,10.000767452,0.000773853,0.056309878,0.010150783,0.097489476,10.217278652,11.494454,64,256.0,5060.963,266023.246,99999|100001|100000|100000|100000|100000|100000|99996|100004|100000|0,16384|0|0|0|0|0|0|0|0|0|0|0|0|0|0|0|0|0|0|0|0|0|0|0|0|0|0|0|0|0|0|0|0|0|0|0|0|0|0|0|0|0|0|0|0|0|0|0|0|0|0|0|0|0|0|0|0|0|0|0|0,160714752,85483520,74539008,0,0.02204616,0.035126066,0.159508207,10545.66,bc28a6a8e1ff94348a8a5cabdc2de22a23057cc9d98f2d941a4034f46c9c1170,3beff2031bab94a185541f8e8c64011df5ef0a6581bb7f11cfe93f62009c5570,c8fd603b99d751c63cf484f5ed9b4c6ea7d4d576444c9e93ebf1300efbfc3853,150a9cdc8b5a3b25a1a63e7a2d2f600994f259c8b633742427bd474dfedd7879
02,r3-100000-Activity-producer-only,Activity,100000,producer-only,3,e32c45f7777af32937e59bc0268773b33eff1034,logical-cap,1000000,1000000,0,1000000,0,0,259829,0,740171,0,0,100663256,0,1819,105,100000.07896006235,0,0,0,0,0,0,0,72785552,9.999992104,10.000833361,0.000841257,0.0,0.0,0.001648916,10.018632505,10.834712,0,,5543.962,0,100000|100000|100000|100000|100000|100000|100000|100000|100000|100000|0,0|0|0|0|0|0|0|0|0|0|0|0|0|0|0|0|0|0|0|0|0|0|0|0|0|0|0|0|0|0|0|0|0|0|0|0|0|0|0|0|0|0|0|0|0|0|0|0|0|0|0|0|0|0|0|0|0|0|0|0|0,150032384,76128256,0,0,,,,,,162354e69488ce949bce8b3c79d092c2f15e2bc9a950a57b2dcc3f78c259cc93,ef9d82b30962a8de52c1c17fe92b940e7111943ceea7d877a61ac8173fc41246,
02,r3-100000-Activity-sqlite,Activity,100000,sqlite,3,e32c45f7777af32937e59bc0268773b33eff1034,queue-overload,1000000,1000000,0,443400,556600,0,0,443400,0,0,2217000,60302400,0,4096,3848,100000.06930004802,43925.88142601918,219629.4071300959,117985280,72298496,45686784,128058520,10040472,1629157496,9.99999307,10.094276668,0.094283598,1.285038473,0.002171124,1.293596495,11.485980781,17.515806,1733,255.85689555683786,5183.728,169904.584,100000|100000|100000|100000|100000|100000|100000|100000|100000|100000|0,27392|42240|47616|45824|45568|47872|45056|45824|45568|46336|4104|0|0|0|0|0|0|0|0|0|0|0|0|0|0|0|0|0|0|0|0|0|0|0|0|0|0|0|0|0|0|0|0|0|0|0|0|0|0|0|0|0|0|0|0|0|0|0|0|0|0,183054336,107786240,63225856,0,0.024734208,0.052515906,1.818319914,24748.908,90b6efe84597fe7cf9cea5a6e790244ed6d5cb0196dc0f12ccff69ead3f74595,59dae89d6088504ee7cedfef6b123034950d2168857a55cc0285361a21ac155b,14d05d989d6a04d37e25fc85d09fa86a2a71fd5dbd3516fdf547281de5c4a5dd,49a0b0dc90a77b32e84b587b41da8b0f9755c04ba24eeb3aa5fb53bbfab3a43a
